Entity,Code,Year,"Transport (CAIT, 2020)"
Albania,ALB,1990,700000
Albania,ALB,1991,500000
Albania,ALB,1992,400000
Albania,ALB,1993,500000
Albania,ALB,1994,600000
Albania,ALB,1995,600000
Albania,ALB,1996,600000
Albania,ALB,1997,500000
Albania,ALB,1998,700000
Albania,ALB,1999,1400000
Albania,ALB,2000,1500000
Albania,ALB,2001,1500000
Albania,ALB,2002,1800000
Albania,ALB,2003,1900000
Albania,ALB,2004,2300000
Albania,ALB,2005,2400000
Albania,ALB,2006,1900000
Albania,ALB,2007,2100000
Albania,ALB,2008,2300000
Albania,ALB,2009,2300000
Albania,ALB,2010,2200000
Albania,ALB,2011,2300000
Albania,ALB,2012,2300000
Albania,ALB,2013,2500000
Albania,ALB,2014,2500000
Albania,ALB,2015,2400000
Albania,ALB,2016,2300000
Algeria,DZA,1990,15800000
Algeria,DZA,1991,16900000
Algeria,DZA,1992,16800000
Algeria,DZA,1993,17000000
Algeria,DZA,1994,15500000
Algeria,DZA,1995,15100000
Algeria,DZA,1996,15000000
Algeria,DZA,1997,15000000
Algeria,DZA,1998,15500000
Algeria,DZA,1999,16500000
Algeria,DZA,2000,16800000
Algeria,DZA,2001,17000000
Algeria,DZA,2002,19400000
Algeria,DZA,2003,21800000
Algeria,DZA,2004,22000000
Algeria,DZA,2005,24200000
Algeria,DZA,2006,25600000
Algeria,DZA,2007,27600000
Algeria,DZA,2008,29200000
Algeria,DZA,2009,30500000
Algeria,DZA,2010,31700000
Algeria,DZA,2011,34200000
Algeria,DZA,2012,38400000
Algeria,DZA,2013,40200000
Algeria,DZA,2014,43600000
Algeria,DZA,2015,46500000
Algeria,DZA,2016,45100000
Angola,AGO,1990,1000000
Angola,AGO,1991,1300000
Angola,AGO,1992,1200000
Angola,AGO,1993,1200000
Angola,AGO,1994,1500000
Angola,AGO,1995,1100000
Angola,AGO,1996,1000000
Angola,AGO,1997,1100000
Angola,AGO,1998,800000
Angola,AGO,1999,1200000
Angola,AGO,2000,1100000
Angola,AGO,2001,1200000
Angola,AGO,2002,1500000
Angola,AGO,2003,2800000
Angola,AGO,2004,3500000
Angola,AGO,2005,2500000
Angola,AGO,2006,3300000
Angola,AGO,2007,3900000
Angola,AGO,2008,5200000
Angola,AGO,2009,5800000
Angola,AGO,2010,6500000
Angola,AGO,2011,7200000
Angola,AGO,2012,7200000
Angola,AGO,2013,8199999.999999999
Angola,AGO,2014,8600000
Angola,AGO,2015,8600000
Angola,AGO,2016,8400000
Argentina,ARG,1990,28400000
Argentina,ARG,1991,30000000
Argentina,ARG,1992,32100000
Argentina,ARG,1993,35700000
Argentina,ARG,1994,37100000
Argentina,ARG,1995,38300000
Argentina,ARG,1996,39500000
Argentina,ARG,1997,40600000
Argentina,ARG,1998,42500000
Argentina,ARG,1999,41100000
Argentina,ARG,2000,40300000
Argentina,ARG,2001,36600000
Argentina,ARG,2002,34100000
Argentina,ARG,2003,35000000
Argentina,ARG,2004,37900000
Argentina,ARG,2005,39600000
Argentina,ARG,2006,41800000
Argentina,ARG,2007,42500000
Argentina,ARG,2008,45100000
Argentina,ARG,2009,40600000
Argentina,ARG,2010,43400000
Argentina,ARG,2011,49300000
Argentina,ARG,2012,48800000
Argentina,ARG,2013,45700000
Argentina,ARG,2014,44900000
Argentina,ARG,2015,46800000
Argentina,ARG,2016,46500000
Armenia,ARM,1990,3000000
Armenia,ARM,1991,2900000
Armenia,ARM,1992,1800000
Armenia,ARM,1993,1200000
Armenia,ARM,1994,200000
Armenia,ARM,1995,100000
Armenia,ARM,1996,100000
Armenia,ARM,1997,100000
Armenia,ARM,1998,100000
Armenia,ARM,1999,100000
Armenia,ARM,2000,600000
Armenia,ARM,2001,600000
Armenia,ARM,2002,500000
Armenia,ARM,2003,600000
Armenia,ARM,2004,600000
Armenia,ARM,2005,700000
Armenia,ARM,2006,700000
Armenia,ARM,2007,1100000
Armenia,ARM,2008,1300000
Armenia,ARM,2009,1100000
Armenia,ARM,2010,1300000
Armenia,ARM,2011,1300000
Armenia,ARM,2012,1300000
Armenia,ARM,2013,1300000
Armenia,ARM,2014,1500000
Armenia,ARM,2015,1500000
Armenia,ARM,2016,1600000
Australia,AUS,1990,62000000
Australia,AUS,1991,60600000
Australia,AUS,1992,62100000
Australia,AUS,1993,63200000
Australia,AUS,1994,64800000
Australia,AUS,1995,67500000
Australia,AUS,1996,70000000
Australia,AUS,1997,71400000
Australia,AUS,1998,71400000
Australia,AUS,1999,72800000
Australia,AUS,2000,75000000
Australia,AUS,2001,74400000
Australia,AUS,2002,76100000
Australia,AUS,2003,76400000
Australia,AUS,2004,79200000
Australia,AUS,2005,79300000
Australia,AUS,2006,81300000
Australia,AUS,2007,83600000
Australia,AUS,2008,85300000
Australia,AUS,2009,85000000
Australia,AUS,2010,87600000
Australia,AUS,2011,90300000
Australia,AUS,2012,90900000
Australia,AUS,2013,92300000
Australia,AUS,2014,92500000
Australia,AUS,2015,94700000
Australia,AUS,2016,96100000
Austria,AUT,1990,13600000
Austria,AUT,1991,15100000
Austria,AUT,1992,15100000
Austria,AUT,1993,15200000
Austria,AUT,1994,15300000
Austria,AUT,1995,15500000
Austria,AUT,1996,17100000
Austria,AUT,1997,16200000
Austria,AUT,1998,18300000
Austria,AUT,1999,17800000
Austria,AUT,2000,18600000
Austria,AUT,2001,20000000
Austria,AUT,2002,21900000
Austria,AUT,2003,23500000
Austria,AUT,2004,23800000
Austria,AUT,2005,24600000
Austria,AUT,2006,23300000
Austria,AUT,2007,23600000
Austria,AUT,2008,22300000
Austria,AUT,2009,21600000
Austria,AUT,2010,22400000
Austria,AUT,2011,21800000
Austria,AUT,2012,21700000
Austria,AUT,2013,22800000
Austria,AUT,2014,22200000
Austria,AUT,2015,22800000
Austria,AUT,2016,23500000
Azerbaijan,AZE,1990,6200000
Azerbaijan,AZE,1991,4800000
Azerbaijan,AZE,1992,4000000
Azerbaijan,AZE,1993,3700000
Azerbaijan,AZE,1994,3200000
Azerbaijan,AZE,1995,3300000
Azerbaijan,AZE,1996,2700000
Azerbaijan,AZE,1997,3200000
Azerbaijan,AZE,1998,3000000
Azerbaijan,AZE,1999,1600000
Azerbaijan,AZE,2000,2400000
Azerbaijan,AZE,2001,2600000
Azerbaijan,AZE,2002,2900000
Azerbaijan,AZE,2003,3100000
Azerbaijan,AZE,2004,3800000
Azerbaijan,AZE,2005,4200000
Azerbaijan,AZE,2006,4800000
Azerbaijan,AZE,2007,3800000
Azerbaijan,AZE,2008,4800000
Azerbaijan,AZE,2009,4200000
Azerbaijan,AZE,2010,4900000
Azerbaijan,AZE,2011,5800000
Azerbaijan,AZE,2012,6400000
Azerbaijan,AZE,2013,7300000
Azerbaijan,AZE,2014,7500000
Azerbaijan,AZE,2015,7000000
Azerbaijan,AZE,2016,6500000
Bahrain,BHR,1990,1000000
Bahrain,BHR,1991,1000000
Bahrain,BHR,1992,1100000
Bahrain,BHR,1993,1200000
Bahrain,BHR,1994,1200000
Bahrain,BHR,1995,1200000
Bahrain,BHR,1996,1300000
Bahrain,BHR,1997,1300000
Bahrain,BHR,1998,1400000
Bahrain,BHR,1999,1500000
Bahrain,BHR,2000,1500000
Bahrain,BHR,2001,1600000
Bahrain,BHR,2002,1800000
Bahrain,BHR,2003,2000000
Bahrain,BHR,2004,2100000
Bahrain,BHR,2005,2500000
Bahrain,BHR,2006,2600000
Bahrain,BHR,2007,2800000
Bahrain,BHR,2008,3100000
Bahrain,BHR,2009,3100000
Bahrain,BHR,2010,3100000
Bahrain,BHR,2011,3000000
Bahrain,BHR,2012,3200000
Bahrain,BHR,2013,3300000
Bahrain,BHR,2014,3400000
Bahrain,BHR,2015,3500000
Bahrain,BHR,2016,3600000
Bangladesh,BGD,1990,1700000
Bangladesh,BGD,1991,1800000
Bangladesh,BGD,1992,2100000
Bangladesh,BGD,1993,2200000
Bangladesh,BGD,1994,2200000
Bangladesh,BGD,1995,2700000
Bangladesh,BGD,1996,2900000
Bangladesh,BGD,1997,3300000
Bangladesh,BGD,1998,3400000
Bangladesh,BGD,1999,3100000
Bangladesh,BGD,2000,3000000
Bangladesh,BGD,2001,3800000
Bangladesh,BGD,2002,3900000
Bangladesh,BGD,2003,3900000
Bangladesh,BGD,2004,4500000
Bangladesh,BGD,2005,5100000
Bangladesh,BGD,2006,5300000
Bangladesh,BGD,2007,5400000
Bangladesh,BGD,2008,6000000
Bangladesh,BGD,2009,6400000
Bangladesh,BGD,2010,7400000
Bangladesh,BGD,2011,8600000
Bangladesh,BGD,2012,8700000
Bangladesh,BGD,2013,8199999.999999999
Bangladesh,BGD,2014,8800000
Bangladesh,BGD,2015,9300000
Bangladesh,BGD,2016,9800000
Belarus,BLR,1990,11500000
Belarus,BLR,1991,12300000
Belarus,BLR,1992,11300000
Belarus,BLR,1993,9500000
Belarus,BLR,1994,6700000
Belarus,BLR,1995,6700000
Belarus,BLR,1996,7300000
Belarus,BLR,1997,7600000
Belarus,BLR,1998,8100000
Belarus,BLR,1999,7100000
Belarus,BLR,2000,6500000
Belarus,BLR,2001,6100000
Belarus,BLR,2002,6600000
Belarus,BLR,2003,6800000
Belarus,BLR,2004,7000000
Belarus,BLR,2005,7800000
Belarus,BLR,2006,9100000
Belarus,BLR,2007,9300000
Belarus,BLR,2008,10600000
Belarus,BLR,2009,9700000
Belarus,BLR,2010,10200000
Belarus,BLR,2011,10900000
Belarus,BLR,2012,11700000
Belarus,BLR,2013,12200000
Belarus,BLR,2014,11600000
Belarus,BLR,2015,10400000
Belarus,BLR,2016,10800000
Belgium,BEL,1990,20300000
Belgium,BEL,1991,20600000
Belgium,BEL,1992,21500000
Belgium,BEL,1993,22200000
Belgium,BEL,1994,22900000
Belgium,BEL,1995,22800000
Belgium,BEL,1996,23400000
Belgium,BEL,1997,23600000
Belgium,BEL,1998,24200000
Belgium,BEL,1999,24400000
Belgium,BEL,2000,24500000
Belgium,BEL,2001,25300000
Belgium,BEL,2002,25200000
Belgium,BEL,2003,26000000
Belgium,BEL,2004,26900000
Belgium,BEL,2005,26000000
Belgium,BEL,2006,26600000
Belgium,BEL,2007,27400000
Belgium,BEL,2008,27300000
Belgium,BEL,2009,26600000
Belgium,BEL,2010,25900000
Belgium,BEL,2011,25600000
Belgium,BEL,2012,24800000
Belgium,BEL,2013,24300000
Belgium,BEL,2014,24600000
Belgium,BEL,2015,26300000
Belgium,BEL,2016,26000000
Benin,BEN,1990,200000
Benin,BEN,1991,100000
Benin,BEN,1992,100000
Benin,BEN,1993,100000
Benin,BEN,1994,100000
Benin,BEN,1995,100000
Benin,BEN,1996,500000
Benin,BEN,1997,700000
Benin,BEN,1998,700000
Benin,BEN,1999,800000
Benin,BEN,2000,900000
Benin,BEN,2001,1000000
Benin,BEN,2002,1200000
Benin,BEN,2003,1400000
Benin,BEN,2004,1400000
Benin,BEN,2005,1500000
Benin,BEN,2006,2000000
Benin,BEN,2007,2400000
Benin,BEN,2008,2400000
Benin,BEN,2009,2800000
Benin,BEN,2010,3200000
Benin,BEN,2011,3300000
Benin,BEN,2012,3400000
Benin,BEN,2013,3800000
Benin,BEN,2014,4099999.9999999995
Benin,BEN,2015,4600000
Benin,BEN,2016,4800000
Bolivia,BOL,1990,2200000
Bolivia,BOL,1991,2300000
Bolivia,BOL,1992,2300000
Bolivia,BOL,1993,2700000
Bolivia,BOL,1994,2800000
Bolivia,BOL,1995,3100000
Bolivia,BOL,1996,3200000
Bolivia,BOL,1997,3000000
Bolivia,BOL,1998,3100000
Bolivia,BOL,1999,3100000
Bolivia,BOL,2000,2900000
Bolivia,BOL,2001,2900000
Bolivia,BOL,2002,2900000
Bolivia,BOL,2003,3100000
Bolivia,BOL,2004,3400000
Bolivia,BOL,2005,3500000
Bolivia,BOL,2006,3900000
Bolivia,BOL,2007,4400000
Bolivia,BOL,2008,4900000
Bolivia,BOL,2009,5200000
Bolivia,BOL,2010,5400000
Bolivia,BOL,2011,5900000
Bolivia,BOL,2012,6300000
Bolivia,BOL,2013,7000000
Bolivia,BOL,2014,7500000
Bolivia,BOL,2015,7800000
Bolivia,BOL,2016,8199999.999999999
Bosnia and Herzegovina,BIH,1990,2200000
Bosnia and Herzegovina,BIH,1991,1900000
Bosnia and Herzegovina,BIH,1992,1100000
Bosnia and Herzegovina,BIH,1993,800000
Bosnia and Herzegovina,BIH,1994,1000000
Bosnia and Herzegovina,BIH,1995,1000000
Bosnia and Herzegovina,BIH,1996,1000000
Bosnia and Herzegovina,BIH,1997,1100000
Bosnia and Herzegovina,BIH,1998,1400000
Bosnia and Herzegovina,BIH,1999,1300000
Bosnia and Herzegovina,BIH,2000,2100000
Bosnia and Herzegovina,BIH,2001,2100000
Bosnia and Herzegovina,BIH,2002,2000000
Bosnia and Herzegovina,BIH,2003,2100000
Bosnia and Herzegovina,BIH,2004,2400000
Bosnia and Herzegovina,BIH,2005,2300000
Bosnia and Herzegovina,BIH,2006,2900000
Bosnia and Herzegovina,BIH,2007,3000000
Bosnia and Herzegovina,BIH,2008,3400000
Bosnia and Herzegovina,BIH,2009,3500000
Bosnia and Herzegovina,BIH,2010,3400000
Bosnia and Herzegovina,BIH,2011,3400000
Bosnia and Herzegovina,BIH,2012,3200000
Bosnia and Herzegovina,BIH,2013,2800000
Bosnia and Herzegovina,BIH,2014,3000000
Bosnia and Herzegovina,BIH,2015,3100000
Bosnia and Herzegovina,BIH,2016,3600000
Botswana,BWA,1990,600000
Botswana,BWA,1991,700000
Botswana,BWA,1992,800000
Botswana,BWA,1993,800000
Botswana,BWA,1994,800000
Botswana,BWA,1995,900000
Botswana,BWA,1996,900000
Botswana,BWA,1997,1000000
Botswana,BWA,1998,1000000
Botswana,BWA,1999,1100000
Botswana,BWA,2000,1200000
Botswana,BWA,2001,1300000
Botswana,BWA,2002,1200000
Botswana,BWA,2003,1300000
Botswana,BWA,2004,1500000
Botswana,BWA,2005,1500000
Botswana,BWA,2006,1600000
Botswana,BWA,2007,1700000
Botswana,BWA,2008,2000000
Botswana,BWA,2009,1800000
Botswana,BWA,2010,1900000
Botswana,BWA,2011,2000000
Botswana,BWA,2012,2000000
Botswana,BWA,2013,2100000
Botswana,BWA,2014,2200000
Botswana,BWA,2015,2400000
Botswana,BWA,2016,2500000
Brazil,BRA,1990,82200000
Brazil,BRA,1991,86000000
Brazil,BRA,1992,86600000
Brazil,BRA,1993,90100000
Brazil,BRA,1994,94200000
Brazil,BRA,1995,104200000
Brazil,BRA,1996,113700000
Brazil,BRA,1997,120600000
Brazil,BRA,1998,126900000
Brazil,BRA,1999,124200000
Brazil,BRA,2000,125500000
Brazil,BRA,2001,128000000
Brazil,BRA,2002,129900000
Brazil,BRA,2003,127400000
Brazil,BRA,2004,136300000
Brazil,BRA,2005,137000000
Brazil,BRA,2006,140000000
Brazil,BRA,2007,145700000
Brazil,BRA,2008,151100000
Brazil,BRA,2009,148500000
Brazil,BRA,2010,167700000
Brazil,BRA,2011,183800000
Brazil,BRA,2012,200900000
Brazil,BRA,2013,208100000
Brazil,BRA,2014,213100000
Brazil,BRA,2015,197400000
Brazil,BRA,2016,198500000
Brunei,BRN,1990,600000
Brunei,BRN,1991,600000
Brunei,BRN,1992,700000
Brunei,BRN,1993,700000
Brunei,BRN,1994,700000
Brunei,BRN,1995,800000
Brunei,BRN,1996,800000
Brunei,BRN,1997,900000
Brunei,BRN,1998,800000
Brunei,BRN,1999,800000
Brunei,BRN,2000,800000
Brunei,BRN,2001,800000
Brunei,BRN,2002,900000
Brunei,BRN,2003,900000
Brunei,BRN,2004,1000000
Brunei,BRN,2005,1000000
Brunei,BRN,2006,1000000
Brunei,BRN,2007,1100000
Brunei,BRN,2008,1100000
Brunei,BRN,2009,1100000
Brunei,BRN,2010,1200000
Brunei,BRN,2011,1300000
Brunei,BRN,2012,1300000
Brunei,BRN,2013,1300000
Brunei,BRN,2014,1400000
Brunei,BRN,2015,1400000
Brunei,BRN,2016,1300000
Bulgaria,BGR,1990,6400000
Bulgaria,BGR,1991,3600000
Bulgaria,BGR,1992,3800000
Bulgaria,BGR,1993,4300000
Bulgaria,BGR,1994,3900000
Bulgaria,BGR,1995,4200000
Bulgaria,BGR,1996,4099999.9999999995
Bulgaria,BGR,1997,4300000
Bulgaria,BGR,1998,5400000
Bulgaria,BGR,1999,5700000
Bulgaria,BGR,2000,5400000
Bulgaria,BGR,2001,5600000
Bulgaria,BGR,2002,5800000
Bulgaria,BGR,2003,6400000
Bulgaria,BGR,2004,6800000
Bulgaria,BGR,2005,7600000
Bulgaria,BGR,2006,8100000
Bulgaria,BGR,2007,8000000
Bulgaria,BGR,2008,8300000.000000001
Bulgaria,BGR,2009,8000000
Bulgaria,BGR,2010,7800000
Bulgaria,BGR,2011,8000000
Bulgaria,BGR,2012,8199999.999999999
Bulgaria,BGR,2013,7300000
Bulgaria,BGR,2014,8199999.999999999
Bulgaria,BGR,2015,9000000
Bulgaria,BGR,2016,9100000
Cambodia,KHM,1995,1200000
Cambodia,KHM,1996,1200000
Cambodia,KHM,1997,1200000
Cambodia,KHM,1998,1400000
Cambodia,KHM,1999,1400000
Cambodia,KHM,2000,1300000
Cambodia,KHM,2001,1500000
Cambodia,KHM,2002,1300000
Cambodia,KHM,2003,1400000
Cambodia,KHM,2004,1400000
Cambodia,KHM,2005,1500000
Cambodia,KHM,2006,1600000
Cambodia,KHM,2007,2000000
Cambodia,KHM,2008,2000000
Cambodia,KHM,2009,2700000
Cambodia,KHM,2010,3100000
Cambodia,KHM,2011,3300000
Cambodia,KHM,2012,3400000
Cambodia,KHM,2013,3500000
Cambodia,KHM,2014,3800000
Cambodia,KHM,2015,4200000
Cambodia,KHM,2016,5000000
Cameroon,CMR,1990,1800000
Cameroon,CMR,1991,1600000
Cameroon,CMR,1992,1600000
Cameroon,CMR,1993,1700000
Cameroon,CMR,1994,1800000
Cameroon,CMR,1995,1700000
Cameroon,CMR,1996,1700000
Cameroon,CMR,1997,1800000
Cameroon,CMR,1998,1900000
Cameroon,CMR,1999,1600000
Cameroon,CMR,2000,1900000
Cameroon,CMR,2001,1900000
Cameroon,CMR,2002,2100000
Cameroon,CMR,2003,2100000
Cameroon,CMR,2004,2200000
Cameroon,CMR,2005,2100000
Cameroon,CMR,2006,1900000
Cameroon,CMR,2007,2100000
Cameroon,CMR,2008,2200000
Cameroon,CMR,2009,2500000
Cameroon,CMR,2010,2700000
Cameroon,CMR,2011,2800000
Cameroon,CMR,2012,2900000
Cameroon,CMR,2013,3100000
Cameroon,CMR,2014,3300000
Cameroon,CMR,2015,3100000
Cameroon,CMR,2016,3200000
Canada,CAN,1990,124700000
Canada,CAN,1991,121000000
Canada,CAN,1992,125200000
Canada,CAN,1993,127200000
Canada,CAN,1994,133400000
Canada,CAN,1995,137100000
Canada,CAN,1996,140400000
Canada,CAN,1997,144900000
Canada,CAN,1998,147500000
Canada,CAN,1999,151200000
Canada,CAN,2000,150000000
Canada,CAN,2001,147800000
Canada,CAN,2002,150400000
Canada,CAN,2003,153100000
Canada,CAN,2004,157900000
Canada,CAN,2005,158100000
Canada,CAN,2006,158800000
Canada,CAN,2007,166800000
Canada,CAN,2008,166600000
Canada,CAN,2009,163100000
Canada,CAN,2010,168300000
Canada,CAN,2011,168000000
Canada,CAN,2012,170100000
Canada,CAN,2013,174700000
Canada,CAN,2014,174400000
Canada,CAN,2015,172700000
Canada,CAN,2016,172400000
Chile,CHL,1990,9100000
Chile,CHL,1991,9500000
Chile,CHL,1992,10300000
Chile,CHL,1993,11400000
Chile,CHL,1994,12300000
Chile,CHL,1995,13600000
Chile,CHL,1996,14800000
Chile,CHL,1997,15700000
Chile,CHL,1998,16600000.000000002
Chile,CHL,1999,16700000
Chile,CHL,2000,17000000
Chile,CHL,2001,16100000.000000002
Chile,CHL,2002,16600000.000000002
Chile,CHL,2003,16300000
Chile,CHL,2004,16900000
Chile,CHL,2005,18600000
Chile,CHL,2006,18300000
Chile,CHL,2007,19800000
Chile,CHL,2008,20600000
Chile,CHL,2009,20700000
Chile,CHL,2010,21400000
Chile,CHL,2011,21900000
Chile,CHL,2012,22400000
Chile,CHL,2013,24500000
Chile,CHL,2014,23600000
Chile,CHL,2015,25200000
Chile,CHL,2016,26400000
China,CHN,1990,94200000
China,CHN,1991,100700000
China,CHN,1992,111200000
China,CHN,1993,125800000
China,CHN,1994,116400000
China,CHN,1995,127500000
China,CHN,1996,170000000
China,CHN,1997,146300000
China,CHN,1998,140500000
China,CHN,1999,157600000
China,CHN,2000,248700000
China,CHN,2001,254500000
China,CHN,2002,276700000
China,CHN,2003,313400000
China,CHN,2004,371200000
China,CHN,2005,397300000
China,CHN,2006,434800000
China,CHN,2007,468600000
China,CHN,2008,507100000
China,CHN,2009,517100000
China,CHN,2010,568800000
China,CHN,2011,621900000
China,CHN,2012,686100000
China,CHN,2013,741100000
China,CHN,2014,770600000
China,CHN,2015,827200000
China,CHN,2016,843500000
Colombia,COL,1990,16300000
Colombia,COL,1991,17100000
Colombia,COL,1992,18000000
Colombia,COL,1993,18300000
Colombia,COL,1994,17000000
Colombia,COL,1995,20300000
Colombia,COL,1996,20900000
Colombia,COL,1997,21900000
Colombia,COL,1998,21400000
Colombia,COL,1999,19100000
Colombia,COL,2000,18600000
Colombia,COL,2001,19500000
Colombia,COL,2002,17300000
Colombia,COL,2003,17800000
Colombia,COL,2004,20300000
Colombia,COL,2005,20500000
Colombia,COL,2006,21400000
Colombia,COL,2007,21900000
Colombia,COL,2008,22300000
Colombia,COL,2009,20900000
Colombia,COL,2010,21700000
Colombia,COL,2011,26400000
Colombia,COL,2012,27800000
Colombia,COL,2013,27000000
Colombia,COL,2014,28100000
Colombia,COL,2015,30300000
Colombia,COL,2016,31500000
Congo,COG,1990,500000
Congo,COG,1991,500000
Congo,COG,1992,500000
Congo,COG,1993,500000
Congo,COG,1994,300000
Congo,COG,1995,400000
Congo,COG,1996,300000
Congo,COG,1997,200000
Congo,COG,1998,300000
Congo,COG,1999,300000
Congo,COG,2000,400000
Congo,COG,2001,600000
Congo,COG,2002,400000
Congo,COG,2003,600000
Congo,COG,2004,700000
Congo,COG,2005,700000
Congo,COG,2006,900000
Congo,COG,2007,1000000
Congo,COG,2008,1200000
Congo,COG,2009,1300000
Congo,COG,2010,1500000
Congo,COG,2011,1600000
Congo,COG,2012,1600000
Congo,COG,2013,1900000
Congo,COG,2014,2000000
Congo,COG,2015,2100000
Congo,COG,2016,2000000
Costa Rica,CRI,1990,1600000
Costa Rica,CRI,1991,1600000
Costa Rica,CRI,1992,2400000
Costa Rica,CRI,1993,2500000
Costa Rica,CRI,1994,2600000
Costa Rica,CRI,1995,2600000
Costa Rica,CRI,1996,2600000
Costa Rica,CRI,1997,2700000
Costa Rica,CRI,1998,3000000
Costa Rica,CRI,1999,3100000
Costa Rica,CRI,2000,3000000
Costa Rica,CRI,2001,3200000
Costa Rica,CRI,2002,3500000
Costa Rica,CRI,2003,3600000
Costa Rica,CRI,2004,3800000
Costa Rica,CRI,2005,3800000
Costa Rica,CRI,2006,4000000
Costa Rica,CRI,2007,4300000
Costa Rica,CRI,2008,4400000
Costa Rica,CRI,2009,4400000
Costa Rica,CRI,2010,4600000
Costa Rica,CRI,2011,4600000
Costa Rica,CRI,2012,4800000
Costa Rica,CRI,2013,4900000
Costa Rica,CRI,2014,5000000
Costa Rica,CRI,2015,5300000
Costa Rica,CRI,2016,5700000
Cote d'Ivoire,CIV,1990,1200000
Cote d'Ivoire,CIV,1991,1200000
Cote d'Ivoire,CIV,1992,1100000
Cote d'Ivoire,CIV,1993,1100000
Cote d'Ivoire,CIV,1994,1100000
Cote d'Ivoire,CIV,1995,1200000
Cote d'Ivoire,CIV,1996,1300000
Cote d'Ivoire,CIV,1997,1400000
Cote d'Ivoire,CIV,1998,1200000
Cote d'Ivoire,CIV,1999,1400000
Cote d'Ivoire,CIV,2000,1300000
Cote d'Ivoire,CIV,2001,1300000
Cote d'Ivoire,CIV,2002,1400000
Cote d'Ivoire,CIV,2003,1000000
Cote d'Ivoire,CIV,2004,1100000
Cote d'Ivoire,CIV,2005,1200000
Cote d'Ivoire,CIV,2006,1300000
Cote d'Ivoire,CIV,2007,1300000
Cote d'Ivoire,CIV,2008,1600000
Cote d'Ivoire,CIV,2009,1600000
Cote d'Ivoire,CIV,2010,1500000
Cote d'Ivoire,CIV,2011,1600000
Cote d'Ivoire,CIV,2012,2400000
Cote d'Ivoire,CIV,2013,2500000
Cote d'Ivoire,CIV,2014,2600000
Cote d'Ivoire,CIV,2015,3200000
Cote d'Ivoire,CIV,2016,3600000
Croatia,HRV,1990,3600000
Croatia,HRV,1991,2800000
Croatia,HRV,1992,2800000
Croatia,HRV,1993,2900000
Croatia,HRV,1994,3100000
Croatia,HRV,1995,3300000
Croatia,HRV,1996,3500000
Croatia,HRV,1997,3900000
Croatia,HRV,1998,4099999.9999999995
Croatia,HRV,1999,4300000
Croatia,HRV,2000,4300000
Croatia,HRV,2001,4400000
Croatia,HRV,2002,4700000
Croatia,HRV,2003,5100000
Croatia,HRV,2004,5300000
Croatia,HRV,2005,5400000
Croatia,HRV,2006,5800000
Croatia,HRV,2007,6100000
Croatia,HRV,2008,6100000
Croatia,HRV,2009,6000000
Croatia,HRV,2010,5800000
Croatia,HRV,2011,5700000
Croatia,HRV,2012,5500000
Croatia,HRV,2013,5600000
Croatia,HRV,2014,5500000
Croatia,HRV,2015,5800000
Croatia,HRV,2016,6100000
Cuba,CUB,1990,5100000
Cuba,CUB,1991,3700000
Cuba,CUB,1992,2600000
Cuba,CUB,1993,1900000
Cuba,CUB,1994,1900000
Cuba,CUB,1995,2000000
Cuba,CUB,1996,2200000
Cuba,CUB,1997,2800000
Cuba,CUB,1998,2500000
Cuba,CUB,1999,2400000
Cuba,CUB,2000,2200000
Cuba,CUB,2001,2200000
Cuba,CUB,2002,2100000
Cuba,CUB,2003,1900000
Cuba,CUB,2004,2000000
Cuba,CUB,2005,1900000
Cuba,CUB,2006,1800000
Cuba,CUB,2007,1800000
Cuba,CUB,2008,1800000
Cuba,CUB,2009,1400000
Cuba,CUB,2010,1200000
Cuba,CUB,2011,1200000
Cuba,CUB,2012,1100000
Cuba,CUB,2013,1200000
Cuba,CUB,2014,1400000
Cuba,CUB,2015,1500000
Cuba,CUB,2016,1500000
Cyprus,CYP,1990,1200000
Cyprus,CYP,1991,1200000
Cyprus,CYP,1992,1300000
Cyprus,CYP,1993,1300000
Cyprus,CYP,1994,1400000
Cyprus,CYP,1995,1500000
Cyprus,CYP,1996,1500000
Cyprus,CYP,1997,1600000
Cyprus,CYP,1998,1600000
Cyprus,CYP,1999,1700000
Cyprus,CYP,2000,1700000
Cyprus,CYP,2001,1800000
Cyprus,CYP,2002,1800000
Cyprus,CYP,2003,1900000
Cyprus,CYP,2004,2000000
Cyprus,CYP,2005,2000000
Cyprus,CYP,2006,2000000
Cyprus,CYP,2007,2100000
Cyprus,CYP,2008,2200000
Cyprus,CYP,2009,2200000
Cyprus,CYP,2010,2200000
Cyprus,CYP,2011,2200000
Cyprus,CYP,2012,2000000
Cyprus,CYP,2013,1800000
Cyprus,CYP,2014,1700000
Cyprus,CYP,2015,1800000
Cyprus,CYP,2016,1900000
Czechia,CZE,1990,6900000
Czechia,CZE,1991,6200000
Czechia,CZE,1992,7900000
Czechia,CZE,1993,8000000
Czechia,CZE,1994,8500000
Czechia,CZE,1995,7300000
Czechia,CZE,1996,10100000
Czechia,CZE,1997,10400000
Czechia,CZE,1998,10700000
Czechia,CZE,1999,11800000
Czechia,CZE,2000,11900000
Czechia,CZE,2001,12700000
Czechia,CZE,2002,13300000
Czechia,CZE,2003,15100000
Czechia,CZE,2004,15800000
Czechia,CZE,2005,17100000
Czechia,CZE,2006,17500000
Czechia,CZE,2007,18400000
Czechia,CZE,2008,18300000
Czechia,CZE,2009,17600000
Czechia,CZE,2010,16600000.000000002
Czechia,CZE,2011,16500000
Czechia,CZE,2012,16100000.000000002
Czechia,CZE,2013,16000000
Czechia,CZE,2014,16500000
Czechia,CZE,2015,17300000
Czechia,CZE,2016,18000000
Democratic Republic of Congo,COD,1990,600000
Democratic Republic of Congo,COD,1991,500000
Democratic Republic of Congo,COD,1992,400000
Democratic Republic of Congo,COD,1993,400000
Democratic Republic of Congo,COD,1994,500000
Democratic Republic of Congo,COD,1995,500000
Democratic Republic of Congo,COD,1996,500000
Democratic Republic of Congo,COD,1997,400000
Democratic Republic of Congo,COD,1998,500000
Democratic Republic of Congo,COD,1999,400000
Democratic Republic of Congo,COD,2000,800000
Democratic Republic of Congo,COD,2001,600000
Democratic Republic of Congo,COD,2002,700000
Democratic Republic of Congo,COD,2003,800000
Democratic Republic of Congo,COD,2004,900000
Democratic Republic of Congo,COD,2005,1100000
Democratic Republic of Congo,COD,2006,1200000
Democratic Republic of Congo,COD,2007,1300000
Democratic Republic of Congo,COD,2008,1500000
Democratic Republic of Congo,COD,2009,1500000
Democratic Republic of Congo,COD,2010,1700000
Democratic Republic of Congo,COD,2011,2100000
Democratic Republic of Congo,COD,2012,2100000
Democratic Republic of Congo,COD,2013,3300000
Democratic Republic of Congo,COD,2014,4500000
Democratic Republic of Congo,COD,2015,2700000
Democratic Republic of Congo,COD,2016,1900000
Denmark,DNK,1990,10300000
Denmark,DNK,1991,10900000
Denmark,DNK,1992,10900000
Denmark,DNK,1993,11100000
Denmark,DNK,1994,11600000
Denmark,DNK,1995,11700000
Denmark,DNK,1996,11800000
Denmark,DNK,1997,11900000
Denmark,DNK,1998,12000000
Denmark,DNK,1999,12000000
Denmark,DNK,2000,12000000
Denmark,DNK,2001,12100000
Denmark,DNK,2002,12200000
Denmark,DNK,2003,12700000
Denmark,DNK,2004,13100000
Denmark,DNK,2005,13400000
Denmark,DNK,2006,13600000
Denmark,DNK,2007,14100000
Denmark,DNK,2008,13900000
Denmark,DNK,2009,13200000
Denmark,DNK,2010,13000000
Denmark,DNK,2011,12700000
Denmark,DNK,2012,11400000
Denmark,DNK,2013,11200000
Denmark,DNK,2014,11300000
Denmark,DNK,2015,11500000
Denmark,DNK,2016,11800000
Dominican Republic,DOM,1990,2300000
Dominican Republic,DOM,1991,2300000
Dominican Republic,DOM,1992,2500000
Dominican Republic,DOM,1993,2700000
Dominican Republic,DOM,1994,3200000
Dominican Republic,DOM,1995,3500000
Dominican Republic,DOM,1996,3900000
Dominican Republic,DOM,1997,4500000
Dominican Republic,DOM,1998,4900000
Dominican Republic,DOM,1999,5200000
Dominican Republic,DOM,2000,5300000
Dominican Republic,DOM,2001,5300000
Dominican Republic,DOM,2002,5700000
Dominican Republic,DOM,2003,5200000
Dominican Republic,DOM,2004,5300000
Dominican Republic,DOM,2005,5500000
Dominican Republic,DOM,2006,5500000
Dominican Republic,DOM,2007,5500000
Dominican Republic,DOM,2008,5000000
Dominican Republic,DOM,2009,5300000
Dominican Republic,DOM,2010,5400000
Dominican Republic,DOM,2011,5700000
Dominican Republic,DOM,2012,6200000
Dominican Republic,DOM,2013,5300000
Dominican Republic,DOM,2014,4700000
Dominican Republic,DOM,2015,5700000
Dominican Republic,DOM,2016,5900000
Ecuador,ECU,1990,7800000
Ecuador,ECU,1991,8000000
Ecuador,ECU,1992,8100000
Ecuador,ECU,1993,8199999.999999999
Ecuador,ECU,1994,8700000
Ecuador,ECU,1995,8300000.000000001
Ecuador,ECU,1996,10100000
Ecuador,ECU,1997,10700000
Ecuador,ECU,1998,10000000
Ecuador,ECU,1999,7900000
Ecuador,ECU,2000,8700000
Ecuador,ECU,2001,8700000
Ecuador,ECU,2002,9000000
Ecuador,ECU,2003,9000000
Ecuador,ECU,2004,9300000
Ecuador,ECU,2005,9700000
Ecuador,ECU,2006,10000000
Ecuador,ECU,2007,10000000
Ecuador,ECU,2008,10000000
Ecuador,ECU,2009,10400000
Ecuador,ECU,2010,12500000
Ecuador,ECU,2011,12900000
Ecuador,ECU,2012,13400000
Ecuador,ECU,2013,14300000
Ecuador,ECU,2014,15400000
Ecuador,ECU,2015,16100000.000000002
Ecuador,ECU,2016,16700000
Egypt,EGY,1990,16100000.000000002
Egypt,EGY,1991,16900000
Egypt,EGY,1992,17600000
Egypt,EGY,1993,18300000
Egypt,EGY,1994,20000000
Egypt,EGY,1995,21200000
Egypt,EGY,1996,22500000
Egypt,EGY,1997,24100000
Egypt,EGY,1998,26700000
Egypt,EGY,1999,28400000
Egypt,EGY,2000,29200000
Egypt,EGY,2001,28200000
Egypt,EGY,2002,29000000
Egypt,EGY,2003,30600000
Egypt,EGY,2004,31300000
Egypt,EGY,2005,30800000
Egypt,EGY,2006,33500000
Egypt,EGY,2007,37000000
Egypt,EGY,2008,39100000
Egypt,EGY,2009,41800000
Egypt,EGY,2010,44800000
Egypt,EGY,2011,46800000
Egypt,EGY,2012,50900000
Egypt,EGY,2013,51400000
Egypt,EGY,2014,53600000
Egypt,EGY,2015,55000000
Egypt,EGY,2016,56000000
El Salvador,SLV,1990,1300000
El Salvador,SLV,1991,1400000
El Salvador,SLV,1992,1600000
El Salvador,SLV,1993,1700000
El Salvador,SLV,1994,1900000
El Salvador,SLV,1995,2100000
El Salvador,SLV,1996,2100000
El Salvador,SLV,1997,2100000
El Salvador,SLV,1998,2300000
El Salvador,SLV,1999,2600000
El Salvador,SLV,2000,2500000
El Salvador,SLV,2001,2500000
El Salvador,SLV,2002,2500000
El Salvador,SLV,2003,2700000
El Salvador,SLV,2004,2800000
El Salvador,SLV,2005,3100000
El Salvador,SLV,2006,2900000
El Salvador,SLV,2007,3200000
El Salvador,SLV,2008,3000000
El Salvador,SLV,2009,3100000
El Salvador,SLV,2010,3000000
El Salvador,SLV,2011,3100000
El Salvador,SLV,2012,2700000
El Salvador,SLV,2013,2800000
El Salvador,SLV,2014,2800000
El Salvador,SLV,2015,3400000
El Salvador,SLV,2016,3500000
Eritrea,ERI,1992,100000
Eritrea,ERI,1993,200000
Eritrea,ERI,1994,300000
Eritrea,ERI,1995,300000
Eritrea,ERI,1996,400000
Eritrea,ERI,1997,400000
Eritrea,ERI,1998,200000
Eritrea,ERI,1999,200000
Eritrea,ERI,2000,200000
Eritrea,ERI,2001,200000
Eritrea,ERI,2002,300000
Eritrea,ERI,2003,300000
Eritrea,ERI,2004,200000
Eritrea,ERI,2005,200000
Eritrea,ERI,2006,100000
Eritrea,ERI,2007,100000
Eritrea,ERI,2008,100000
Eritrea,ERI,2009,100000
Eritrea,ERI,2010,100000
Eritrea,ERI,2011,200000
Eritrea,ERI,2012,200000
Eritrea,ERI,2013,200000
Eritrea,ERI,2014,200000
Eritrea,ERI,2015,200000
Eritrea,ERI,2016,200000
Estonia,EST,1990,2400000
Estonia,EST,1991,2200000
Estonia,EST,1992,1100000
Estonia,EST,1993,1200000
Estonia,EST,1994,1400000
Estonia,EST,1995,1400000
Estonia,EST,1996,1500000
Estonia,EST,1997,1600000
Estonia,EST,1998,1700000
Estonia,EST,1999,1700000
Estonia,EST,2000,1600000
Estonia,EST,2001,2000000
Estonia,EST,2002,2100000
Estonia,EST,2003,2000000
Estonia,EST,2004,2000000
Estonia,EST,2005,2100000
Estonia,EST,2006,2300000
Estonia,EST,2007,2400000
Estonia,EST,2008,2400000
Estonia,EST,2009,2100000
Estonia,EST,2010,2200000
Estonia,EST,2011,2200000
Estonia,EST,2012,2300000
Estonia,EST,2013,2200000
Estonia,EST,2014,2200000
Estonia,EST,2015,2300000
Estonia,EST,2016,2400000
Ethiopia,ETH,1990,900000
Ethiopia,ETH,1991,900000
Ethiopia,ETH,1992,700000
Ethiopia,ETH,1993,900000
Ethiopia,ETH,1994,1000000
Ethiopia,ETH,1995,1100000
Ethiopia,ETH,1996,1200000
Ethiopia,ETH,1997,1300000
Ethiopia,ETH,1998,1400000
Ethiopia,ETH,1999,1500000
Ethiopia,ETH,2000,1600000
Ethiopia,ETH,2001,2000000
Ethiopia,ETH,2002,2100000
Ethiopia,ETH,2003,2200000
Ethiopia,ETH,2004,2300000
Ethiopia,ETH,2005,2200000
Ethiopia,ETH,2006,2300000
Ethiopia,ETH,2007,2600000
Ethiopia,ETH,2008,2600000
Ethiopia,ETH,2009,2800000
Ethiopia,ETH,2010,2900000
Ethiopia,ETH,2011,3000000
Ethiopia,ETH,2012,3400000
Ethiopia,ETH,2013,4000000
Ethiopia,ETH,2014,4400000
Ethiopia,ETH,2015,4900000
Ethiopia,ETH,2016,5300000
European Union (27),,1990,643200000
European Union (27),,1991,651600000
European Union (27),,1992,669500000
European Union (27),,1993,674700000
European Union (27),,1994,679300000
European Union (27),,1995,687600000
European Union (27),,1996,710300000
European Union (27),,1997,721600000
European Union (27),,1998,750900000
European Union (27),,1999,769000000
European Union (27),,2000,768400000
European Union (27),,2001,782400000
European Union (27),,2002,790300000
European Union (27),,2003,804800000
European Union (27),,2004,824100000
European Union (27),,2005,823900000
European Union (27),,2006,835900000
European Union (27),,2007,844800000
European Union (27),,2008,827400000
European Union (27),,2009,800900000
European Union (27),,2010,794900000
European Union (27),,2011,783400000
European Union (27),,2012,753000000
European Union (27),,2013,746700000
European Union (27),,2014,754400000
European Union (27),,2015,769400000
European Union (27),,2016,789000000
Finland,FIN,1990,11700000
Finland,FIN,1991,11400000
Finland,FIN,1992,11400000
Finland,FIN,1993,11100000
Finland,FIN,1994,11600000
Finland,FIN,1995,11400000
Finland,FIN,1996,11100000
Finland,FIN,1997,11700000
Finland,FIN,1998,11900000
Finland,FIN,1999,12200000
Finland,FIN,2000,11700000
Finland,FIN,2001,11900000
Finland,FIN,2002,12100000
Finland,FIN,2003,12300000
Finland,FIN,2004,12600000
Finland,FIN,2005,12600000
Finland,FIN,2006,12800000
Finland,FIN,2007,13100000
Finland,FIN,2008,12500000
Finland,FIN,2009,12000000
Finland,FIN,2010,12500000
Finland,FIN,2011,12300000
Finland,FIN,2012,12000000
Finland,FIN,2013,11900000
Finland,FIN,2014,10800000
Finland,FIN,2015,10900000
Finland,FIN,2016,12400000
France,FRA,1990,113500000
France,FRA,1991,116800000
France,FRA,1992,119400000
France,FRA,1993,120500000
France,FRA,1994,121400000
France,FRA,1995,122300000
France,FRA,1996,122100000
France,FRA,1997,124600000
France,FRA,1998,129100000
France,FRA,1999,129500000
France,FRA,2000,132500000
France,FRA,2001,134199999.99999999
France,FRA,2002,134100000
France,FRA,2003,132800000.00000001
France,FRA,2004,133100000
France,FRA,2005,130800000.00000001
France,FRA,2006,131100000
France,FRA,2007,130300000.00000001
France,FRA,2008,124300000
France,FRA,2009,122900000
France,FRA,2010,123300000
France,FRA,2011,122800000
France,FRA,2012,121800000
France,FRA,2013,121000000
France,FRA,2014,121100000
France,FRA,2015,122200000
France,FRA,2016,121900000
Gabon,GAB,1990,300000
Gabon,GAB,1991,400000
Gabon,GAB,1992,400000
Gabon,GAB,1993,400000
Gabon,GAB,1994,300000
Gabon,GAB,1995,300000
Gabon,GAB,1996,300000
Gabon,GAB,1997,400000
Gabon,GAB,1998,400000
Gabon,GAB,1999,400000
Gabon,GAB,2000,300000
Gabon,GAB,2001,400000
Gabon,GAB,2002,400000
Gabon,GAB,2003,400000
Gabon,GAB,2004,400000
Gabon,GAB,2005,400000
Gabon,GAB,2006,400000
Gabon,GAB,2007,400000
Gabon,GAB,2008,400000
Gabon,GAB,2009,400000
Gabon,GAB,2010,600000
Gabon,GAB,2011,700000
Gabon,GAB,2012,800000
Gabon,GAB,2013,800000
Gabon,GAB,2014,800000
Gabon,GAB,2015,800000
Gabon,GAB,2016,800000
Georgia,GEO,1990,3700000
Georgia,GEO,1991,2800000
Georgia,GEO,1992,2300000
Georgia,GEO,1993,2000000
Georgia,GEO,1994,1500000
Georgia,GEO,1995,1000000
Georgia,GEO,1996,2500000
Georgia,GEO,1997,1900000
Georgia,GEO,1998,1200000
Georgia,GEO,1999,1100000
Georgia,GEO,2000,1000000
Georgia,GEO,2001,1200000
Georgia,GEO,2002,1200000
Georgia,GEO,2003,1200000
Georgia,GEO,2004,1200000
Georgia,GEO,2005,1500000
Georgia,GEO,2006,1600000
Georgia,GEO,2007,2100000
Georgia,GEO,2008,1700000
Georgia,GEO,2009,2200000
Georgia,GEO,2010,2300000
Georgia,GEO,2011,2300000
Georgia,GEO,2012,2500000
Georgia,GEO,2013,2800000
Georgia,GEO,2014,3300000
Georgia,GEO,2015,3600000
Georgia,GEO,2016,4099999.9999999995
Germany,DEU,1990,158600000
Germany,DEU,1991,161500000
Germany,DEU,1992,164100000
Germany,DEU,1993,168700000
Germany,DEU,1994,166000000
Germany,DEU,1995,167900000
Germany,DEU,1996,169100000
Germany,DEU,1997,169800000
Germany,DEU,1998,172800000
Germany,DEU,1999,177700000
Germany,DEU,2000,173500000
Germany,DEU,2001,169500000
Germany,DEU,2002,167100000
Germany,DEU,2003,164000000
Germany,DEU,2004,164000000
Germany,DEU,2005,155600000
Germany,DEU,2006,153500000
Germany,DEU,2007,148400000
Germany,DEU,2008,148900000
Germany,DEU,2009,147100000
Germany,DEU,2010,148100000
Germany,DEU,2011,149900000
Germany,DEU,2012,148500000
Germany,DEU,2013,152400000
Germany,DEU,2014,154600000
Germany,DEU,2015,157600000
Germany,DEU,2016,161000000
Ghana,GHA,1990,1600000
Ghana,GHA,1991,1500000
Ghana,GHA,1992,1800000
Ghana,GHA,1993,1800000
Ghana,GHA,1994,1900000
Ghana,GHA,1995,2000000
Ghana,GHA,1996,2200000
Ghana,GHA,1997,2300000
Ghana,GHA,1998,2800000
Ghana,GHA,1999,3100000
Ghana,GHA,2000,2900000
Ghana,GHA,2001,2900000
Ghana,GHA,2002,3400000
Ghana,GHA,2003,3100000
Ghana,GHA,2004,3600000
Ghana,GHA,2005,3600000
Ghana,GHA,2006,3600000
Ghana,GHA,2007,3800000
Ghana,GHA,2008,3700000
Ghana,GHA,2009,5000000
Ghana,GHA,2010,5100000
Ghana,GHA,2011,5700000
Ghana,GHA,2012,6800000
Ghana,GHA,2013,7200000
Ghana,GHA,2014,7300000
Ghana,GHA,2015,7900000
Ghana,GHA,2016,7300000
Greece,GRC,1990,15100000
Greece,GRC,1991,15900000
Greece,GRC,1992,16300000
Greece,GRC,1993,16500000
Greece,GRC,1994,16600000.000000002
Greece,GRC,1995,16700000
Greece,GRC,1996,17200000
Greece,GRC,1997,17800000
Greece,GRC,1998,19400000
Greece,GRC,1999,19600000
Greece,GRC,2000,19100000
Greece,GRC,2001,19800000
Greece,GRC,2002,20000000
Greece,GRC,2003,21000000
Greece,GRC,2004,21400000
Greece,GRC,2005,21800000
Greece,GRC,2006,22300000
Greece,GRC,2007,22900000
Greece,GRC,2008,22200000
Greece,GRC,2009,24800000
Greece,GRC,2010,22000000
Greece,GRC,2011,19600000
Greece,GRC,2012,16399999.999999998
Greece,GRC,2013,16300000
Greece,GRC,2014,16300000
Greece,GRC,2015,16700000
Greece,GRC,2016,17200000
Guatemala,GTM,1990,1700000
Guatemala,GTM,1991,1800000
Guatemala,GTM,1992,1900000
Guatemala,GTM,1993,2000000
Guatemala,GTM,1994,2200000
Guatemala,GTM,1995,2700000
Guatemala,GTM,1996,2700000
Guatemala,GTM,1997,2900000
Guatemala,GTM,1998,3400000
Guatemala,GTM,1999,3600000
Guatemala,GTM,2000,3800000
Guatemala,GTM,2001,4099999.9999999995
Guatemala,GTM,2002,4400000
Guatemala,GTM,2003,4900000
Guatemala,GTM,2004,4700000
Guatemala,GTM,2005,5100000
Guatemala,GTM,2006,5200000
Guatemala,GTM,2007,5500000
Guatemala,GTM,2008,5000000
Guatemala,GTM,2009,5600000
Guatemala,GTM,2010,5700000
Guatemala,GTM,2011,5600000
Guatemala,GTM,2012,5600000
Guatemala,GTM,2013,5900000
Guatemala,GTM,2014,6500000
Guatemala,GTM,2015,7400000
Guatemala,GTM,2016,8000000
Haiti,HTI,1990,400000
Haiti,HTI,1991,400000
Haiti,HTI,1992,400000
Haiti,HTI,1993,400000
Haiti,HTI,1994,100000
Haiti,HTI,1995,500000
Haiti,HTI,1996,600000
Haiti,HTI,1997,600000
Haiti,HTI,1998,600000
Haiti,HTI,1999,700000
Haiti,HTI,2000,700000
Haiti,HTI,2001,800000
Haiti,HTI,2002,800000
Haiti,HTI,2003,800000
Haiti,HTI,2004,1100000
Haiti,HTI,2005,1200000
Haiti,HTI,2006,1200000
Haiti,HTI,2007,1300000
Haiti,HTI,2008,1300000
Haiti,HTI,2009,1300000
Haiti,HTI,2010,1100000
Haiti,HTI,2011,1100000
Haiti,HTI,2012,1000000
Haiti,HTI,2013,900000
Haiti,HTI,2014,1200000
Haiti,HTI,2015,1400000
Haiti,HTI,2016,1400000
Honduras,HND,1990,1000000
Honduras,HND,1991,1000000
Honduras,HND,1992,1200000
Honduras,HND,1993,1300000
Honduras,HND,1994,1500000
Honduras,HND,1995,1500000
Honduras,HND,1996,1500000
Honduras,HND,1997,1600000
Honduras,HND,1998,1800000
Honduras,HND,1999,2100000
Honduras,HND,2000,2100000
Honduras,HND,2001,2300000
Honduras,HND,2002,2300000
Honduras,HND,2003,2300000
Honduras,HND,2004,2300000
Honduras,HND,2005,2300000
Honduras,HND,2006,2200000
Honduras,HND,2007,3200000
Honduras,HND,2008,3000000
Honduras,HND,2009,3100000
Honduras,HND,2010,3100000
Honduras,HND,2011,3200000
Honduras,HND,2012,3300000
Honduras,HND,2013,3300000
Honduras,HND,2014,3500000
Honduras,HND,2015,4099999.9999999995
Honduras,HND,2016,4099999.9999999995
Hungary,HUN,1990,8400000
Hungary,HUN,1991,7400000
Hungary,HUN,1992,7100000
Hungary,HUN,1993,7100000
Hungary,HUN,1994,6900000
Hungary,HUN,1995,7100000
Hungary,HUN,1996,7100000
Hungary,HUN,1997,7500000
Hungary,HUN,1998,8400000
Hungary,HUN,1999,8900000
Hungary,HUN,2000,8900000
Hungary,HUN,2001,9300000
Hungary,HUN,2002,10000000
Hungary,HUN,2003,10400000
Hungary,HUN,2004,10900000
Hungary,HUN,2005,11800000
Hungary,HUN,2006,12600000
Hungary,HUN,2007,13000000
Hungary,HUN,2008,12900000
Hungary,HUN,2009,12800000
Hungary,HUN,2010,11600000
Hungary,HUN,2011,10800000
Hungary,HUN,2012,10500000
Hungary,HUN,2013,9800000
Hungary,HUN,2014,10900000
Hungary,HUN,2015,11900000
Hungary,HUN,2016,12200000
Iceland,ISL,1990,600000
Iceland,ISL,1991,600000
Iceland,ISL,1992,600000
Iceland,ISL,1993,600000
Iceland,ISL,1994,700000
Iceland,ISL,1995,600000
Iceland,ISL,1996,700000
Iceland,ISL,1997,600000
Iceland,ISL,1998,600000
Iceland,ISL,1999,600000
Iceland,ISL,2000,600000
Iceland,ISL,2001,600000
Iceland,ISL,2002,600000
Iceland,ISL,2003,600000
Iceland,ISL,2004,700000
Iceland,ISL,2005,700000
Iceland,ISL,2006,900000
Iceland,ISL,2007,1000000
Iceland,ISL,2008,900000
Iceland,ISL,2009,900000
Iceland,ISL,2010,800000
Iceland,ISL,2011,800000
Iceland,ISL,2012,800000
Iceland,ISL,2013,800000
Iceland,ISL,2014,800000
Iceland,ISL,2015,800000
Iceland,ISL,2016,900000
India,IND,1990,64400000.00000001
India,IND,1991,66900000.00000001
India,IND,1992,68500000
India,IND,1993,68600000
India,IND,1994,70800000
India,IND,1995,78300000
India,IND,1996,83800000
India,IND,1997,85800000
India,IND,1998,88800000
India,IND,1999,93300000
India,IND,2000,95100000
India,IND,2001,94900000
India,IND,2002,97700000
India,IND,2003,99500000
India,IND,2004,108000000
India,IND,2005,114700000
India,IND,2006,119700000
India,IND,2007,141800000
India,IND,2008,162000000
India,IND,2009,177300000
India,IND,2010,191300000
India,IND,2011,207200000
India,IND,2012,219200000
India,IND,2013,223700000
India,IND,2014,233000000
India,IND,2015,254500000
India,IND,2016,265300000
Indonesia,IDN,1990,32200000.000000004
Indonesia,IDN,1991,35900000
Indonesia,IDN,1992,37900000
Indonesia,IDN,1993,40500000
Indonesia,IDN,1994,45400000
Indonesia,IDN,1995,49300000
Indonesia,IDN,1996,54600000
Indonesia,IDN,1997,60700000
Indonesia,IDN,1998,59200000
Indonesia,IDN,1999,58800000
Indonesia,IDN,2000,62700000
Indonesia,IDN,2001,66800000
Indonesia,IDN,2002,68000000
Indonesia,IDN,2003,69300000
Indonesia,IDN,2004,70800000
Indonesia,IDN,2005,70600000
Indonesia,IDN,2006,67200000
Indonesia,IDN,2007,68700000
Indonesia,IDN,2008,73000000
Indonesia,IDN,2009,82700000
Indonesia,IDN,2010,90800000
Indonesia,IDN,2011,110000000
Indonesia,IDN,2012,131199999.99999999
Indonesia,IDN,2013,137800000
Indonesia,IDN,2014,138200000
Indonesia,IDN,2015,124100000
Indonesia,IDN,2016,134500000
Iran,IRN,1990,39200000
Iran,IRN,1991,42300000
Iran,IRN,1992,44200000
Iran,IRN,1993,49800000
Iran,IRN,1994,56800000
Iran,IRN,1995,55700000
Iran,IRN,1996,59900000
Iran,IRN,1997,61300000
Iran,IRN,1998,63700000
Iran,IRN,1999,71200000
Iran,IRN,2000,76500000
Iran,IRN,2001,80300000
Iran,IRN,2002,86600000
Iran,IRN,2003,91400000
Iran,IRN,2004,97000000
Iran,IRN,2005,104900000
Iran,IRN,2006,111100000
Iran,IRN,2007,110500000
Iran,IRN,2008,115200000
Iran,IRN,2009,125200000
Iran,IRN,2010,116700000
Iran,IRN,2011,116900000
Iran,IRN,2012,121600000
Iran,IRN,2013,126000000
Iran,IRN,2014,138700000
Iran,IRN,2015,136600000
Iran,IRN,2016,130600000
Iraq,IRQ,1990,21800000
Iraq,IRQ,1991,18400000
Iraq,IRQ,1992,23300000
Iraq,IRQ,1993,24500000
Iraq,IRQ,1994,24800000
Iraq,IRQ,1995,24700000
Iraq,IRQ,1996,24200000
Iraq,IRQ,1997,23800000
Iraq,IRQ,1998,24200000
Iraq,IRQ,1999,24200000
Iraq,IRQ,2000,26400000
Iraq,IRQ,2001,28800000
Iraq,IRQ,2002,27800000
Iraq,IRQ,2003,21600000
Iraq,IRQ,2004,24100000
Iraq,IRQ,2005,26000000
Iraq,IRQ,2006,25900000
Iraq,IRQ,2007,25900000
Iraq,IRQ,2008,24700000
Iraq,IRQ,2009,25400000
Iraq,IRQ,2010,28000000
Iraq,IRQ,2011,33000000
Iraq,IRQ,2012,35700000
Iraq,IRQ,2013,35400000
Iraq,IRQ,2014,29000000
Iraq,IRQ,2015,24900000
Iraq,IRQ,2016,25300000
Ireland,IRL,1990,4900000
Ireland,IRL,1991,5100000
Ireland,IRL,1992,5500000
Ireland,IRL,1993,5500000
Ireland,IRL,1994,5800000
Ireland,IRL,1995,5900000
Ireland,IRL,1996,6900000
Ireland,IRL,1997,7300000
Ireland,IRL,1998,8600000
Ireland,IRL,1999,9600000
Ireland,IRL,2000,10400000
Ireland,IRL,2001,10900000
Ireland,IRL,2002,11100000
Ireland,IRL,2003,11300000
Ireland,IRL,2004,12000000
Ireland,IRL,2005,12800000
Ireland,IRL,2006,14000000
Ireland,IRL,2007,14500000
Ireland,IRL,2008,13700000
Ireland,IRL,2009,12400000
Ireland,IRL,2010,11700000
Ireland,IRL,2011,10800000
Ireland,IRL,2012,10500000
Ireland,IRL,2013,10600000
Ireland,IRL,2014,11100000
Ireland,IRL,2015,11100000
Ireland,IRL,2016,11900000
Israel,ISR,1990,8000000
Israel,ISR,1991,8300000.000000001
Israel,ISR,1992,9100000
Israel,ISR,1993,9500000
Israel,ISR,1994,10300000
Israel,ISR,1995,11300000
Israel,ISR,1996,11900000
Israel,ISR,1997,12700000
Israel,ISR,1998,11800000
Israel,ISR,1999,12500000
Israel,ISR,2000,13400000
Israel,ISR,2001,13300000
Israel,ISR,2002,13800000
Israel,ISR,2003,14300000
Israel,ISR,2004,14200000
Israel,ISR,2005,13500000
Israel,ISR,2006,13800000
Israel,ISR,2007,14500000
Israel,ISR,2008,16000000
Israel,ISR,2009,15700000
Israel,ISR,2010,16399999.999999998
Israel,ISR,2011,15700000
Israel,ISR,2012,17200000
Israel,ISR,2013,15900000
Israel,ISR,2014,16000000
Israel,ISR,2015,16900000
Israel,ISR,2016,17600000
Italy,ITA,1990,96100000
Italy,ITA,1991,97900000
Italy,ITA,1992,103000000
Italy,ITA,1993,104900000
Italy,ITA,1994,104600000
Italy,ITA,1995,106900000
Italy,ITA,1996,108700000
Italy,ITA,1997,110300000
Italy,ITA,1998,113400000
Italy,ITA,1999,116300000
Italy,ITA,2000,116400000
Italy,ITA,2001,118500000
Italy,ITA,2002,120700000
Italy,ITA,2003,121800000
Italy,ITA,2004,124000000
Italy,ITA,2005,123000000
Italy,ITA,2006,124300000
Italy,ITA,2007,124700000
Italy,ITA,2008,117900000
Italy,ITA,2009,111800000
Italy,ITA,2010,109200000
Italy,ITA,2011,109200000
Italy,ITA,2012,102500000
Italy,ITA,2013,100700000
Italy,ITA,2014,105400000
Italy,ITA,2015,103000000
Italy,ITA,2016,101700000
Jamaica,JAM,1990,1100000
Jamaica,JAM,1991,1000000
Jamaica,JAM,1992,1100000
Jamaica,JAM,1993,1200000
Jamaica,JAM,1994,1200000
Jamaica,JAM,1995,1400000
Jamaica,JAM,1996,1600000
Jamaica,JAM,1997,1700000
Jamaica,JAM,1998,1800000
Jamaica,JAM,1999,1900000
Jamaica,JAM,2000,1900000
Jamaica,JAM,2001,1900000
Jamaica,JAM,2002,2100000
Jamaica,JAM,2003,2100000
Jamaica,JAM,2004,2100000
Jamaica,JAM,2005,2200000
Jamaica,JAM,2006,2100000
Jamaica,JAM,2007,2100000
Jamaica,JAM,2008,2000000
Jamaica,JAM,2009,2000000
Jamaica,JAM,2010,1900000
Jamaica,JAM,2011,1800000
Jamaica,JAM,2012,1600000
Jamaica,JAM,2013,1700000
Jamaica,JAM,2014,1700000
Jamaica,JAM,2015,1700000
Jamaica,JAM,2016,1800000
Japan,JPN,1990,200700000
Japan,JPN,1991,212400000
Japan,JPN,1992,219000000
Japan,JPN,1993,222800000
Japan,JPN,1994,232200000
Japan,JPN,1995,241700000
Japan,JPN,1996,248400000
Japan,JPN,1997,249900000
Japan,JPN,1998,248200000
Japan,JPN,1999,252200000
Japan,JPN,2000,251500000
Japan,JPN,2001,255600000
Japan,JPN,2002,252200000
Japan,JPN,2003,248300000
Japan,JPN,2004,243000000
Japan,JPN,2005,237600000
Japan,JPN,2006,234500000
Japan,JPN,2007,231600000
Japan,JPN,2008,224100000
Japan,JPN,2009,220600000
Japan,JPN,2010,220800000
Japan,JPN,2011,216300000
Japan,JPN,2012,217200000
Japan,JPN,2013,215000000
Japan,JPN,2014,210200000
Japan,JPN,2015,208800000
Japan,JPN,2016,207500000
Jordan,JOR,1990,2700000
Jordan,JOR,1991,2500000
Jordan,JOR,1992,2700000
Jordan,JOR,1993,2800000
Jordan,JOR,1994,2800000
Jordan,JOR,1995,3000000
Jordan,JOR,1996,3100000
Jordan,JOR,1997,3200000
Jordan,JOR,1998,3300000
Jordan,JOR,1999,3300000
Jordan,JOR,2000,3600000
Jordan,JOR,2001,3700000
Jordan,JOR,2002,3800000
Jordan,JOR,2003,3800000
Jordan,JOR,2004,4400000
Jordan,JOR,2005,4900000
Jordan,JOR,2006,4800000
Jordan,JOR,2007,5100000
Jordan,JOR,2008,4600000
Jordan,JOR,2009,5200000
Jordan,JOR,2010,5200000
Jordan,JOR,2011,5300000
Jordan,JOR,2012,6900000
Jordan,JOR,2013,7100000
Jordan,JOR,2014,7000000
Jordan,JOR,2015,7800000
Jordan,JOR,2016,8300000.000000001
Kazakhstan,KAZ,1990,14400000
Kazakhstan,KAZ,1991,18100000
Kazakhstan,KAZ,1992,15800000
Kazakhstan,KAZ,1993,13200000
Kazakhstan,KAZ,1994,9000000
Kazakhstan,KAZ,1995,9200000
Kazakhstan,KAZ,1996,8199999.999999999
Kazakhstan,KAZ,1997,7000000
Kazakhstan,KAZ,1998,7900000
Kazakhstan,KAZ,1999,5800000
Kazakhstan,KAZ,2000,9400000
Kazakhstan,KAZ,2001,8199999.999999999
Kazakhstan,KAZ,2002,9100000
Kazakhstan,KAZ,2003,8700000
Kazakhstan,KAZ,2004,9200000
Kazakhstan,KAZ,2005,9600000
Kazakhstan,KAZ,2006,10500000
Kazakhstan,KAZ,2007,12100000
Kazakhstan,KAZ,2008,13800000
Kazakhstan,KAZ,2009,12400000
Kazakhstan,KAZ,2010,13200000
Kazakhstan,KAZ,2011,13500000
Kazakhstan,KAZ,2012,14600000
Kazakhstan,KAZ,2013,13700000
Kazakhstan,KAZ,2014,13700000
Kazakhstan,KAZ,2015,14900000
Kazakhstan,KAZ,2016,15100000
Kenya,KEN,1990,2700000
Kenya,KEN,1991,2800000
Kenya,KEN,1992,2600000
Kenya,KEN,1993,2400000
Kenya,KEN,1994,2300000
Kenya,KEN,1995,2500000
Kenya,KEN,1996,2700000
Kenya,KEN,1997,2600000
Kenya,KEN,1998,2700000
Kenya,KEN,1999,2700000
Kenya,KEN,2000,2700000
Kenya,KEN,2001,2700000
Kenya,KEN,2002,2800000
Kenya,KEN,2003,2500000
Kenya,KEN,2004,2700000
Kenya,KEN,2005,2900000
Kenya,KEN,2006,3200000
Kenya,KEN,2007,3200000
Kenya,KEN,2008,3300000
Kenya,KEN,2009,4200000
Kenya,KEN,2010,5000000
Kenya,KEN,2011,4600000
Kenya,KEN,2012,4900000
Kenya,KEN,2013,5800000
Kenya,KEN,2014,6500000
Kenya,KEN,2015,8100000
Kenya,KEN,2016,8900000
Kuwait,KWT,1990,2800000
Kuwait,KWT,1991,1900000
Kuwait,KWT,1992,4500000
Kuwait,KWT,1993,4800000
Kuwait,KWT,1994,5000000
Kuwait,KWT,1995,5300000
Kuwait,KWT,1996,5400000
Kuwait,KWT,1997,5700000
Kuwait,KWT,1998,5800000
Kuwait,KWT,1999,6000000
Kuwait,KWT,2000,6000000
Kuwait,KWT,2001,6100000
Kuwait,KWT,2002,6500000
Kuwait,KWT,2003,7100000
Kuwait,KWT,2004,7500000
Kuwait,KWT,2005,8199999.999999999
Kuwait,KWT,2006,9300000
Kuwait,KWT,2007,9600000
Kuwait,KWT,2008,10500000
Kuwait,KWT,2009,11700000
Kuwait,KWT,2010,12500000
Kuwait,KWT,2011,11700000
Kuwait,KWT,2012,12500000
Kuwait,KWT,2013,13100000
Kuwait,KWT,2014,13300000
Kuwait,KWT,2015,14000000
Kuwait,KWT,2016,14200000
Kyrgyzstan,KGZ,1990,6000000
Kyrgyzstan,KGZ,1991,4700000
Kyrgyzstan,KGZ,1992,2700000
Kyrgyzstan,KGZ,1993,1600000
Kyrgyzstan,KGZ,1994,500000
Kyrgyzstan,KGZ,1995,1100000
Kyrgyzstan,KGZ,1996,1200000
Kyrgyzstan,KGZ,1997,1300000
Kyrgyzstan,KGZ,1998,1200000
Kyrgyzstan,KGZ,1999,1100000
Kyrgyzstan,KGZ,2000,900000
Kyrgyzstan,KGZ,2001,900000
Kyrgyzstan,KGZ,2002,800000
Kyrgyzstan,KGZ,2003,900000
Kyrgyzstan,KGZ,2004,1200000
Kyrgyzstan,KGZ,2005,1100000
Kyrgyzstan,KGZ,2006,1200000
Kyrgyzstan,KGZ,2007,1700000
Kyrgyzstan,KGZ,2008,2000000
Kyrgyzstan,KGZ,2009,2300000
Kyrgyzstan,KGZ,2010,2000000
Kyrgyzstan,KGZ,2011,2800000
Kyrgyzstan,KGZ,2012,3900000
Kyrgyzstan,KGZ,2013,3900000
Kyrgyzstan,KGZ,2014,3200000
Kyrgyzstan,KGZ,2015,2700000
Kyrgyzstan,KGZ,2016,3300000
Latvia,LVA,1990,3100000
Latvia,LVA,1991,2800000
Latvia,LVA,1992,2400000
Latvia,LVA,1993,2300000
Latvia,LVA,1994,2100000
Latvia,LVA,1995,2000000
Latvia,LVA,1996,1900000
Latvia,LVA,1997,2000000
Latvia,LVA,1998,1900000
Latvia,LVA,1999,1900000
Latvia,LVA,2000,2100000
Latvia,LVA,2001,2500000
Latvia,LVA,2002,2600000
Latvia,LVA,2003,2700000
Latvia,LVA,2004,2900000
Latvia,LVA,2005,3000000
Latvia,LVA,2006,3300000
Latvia,LVA,2007,3800000
Latvia,LVA,2008,3500000
Latvia,LVA,2009,3100000
Latvia,LVA,2010,3200000
Latvia,LVA,2011,2800000
Latvia,LVA,2012,2700000
Latvia,LVA,2013,2800000
Latvia,LVA,2014,2900000
Latvia,LVA,2015,3100000
Latvia,LVA,2016,3100000
Lebanon,LBN,1990,1900000
Lebanon,LBN,1991,2300000
Lebanon,LBN,1992,3200000
Lebanon,LBN,1993,3800000
Lebanon,LBN,1994,3500000
Lebanon,LBN,1995,4200000
Lebanon,LBN,1996,4300000
Lebanon,LBN,1997,4200000
Lebanon,LBN,1998,4500000
Lebanon,LBN,1999,4200000
Lebanon,LBN,2000,4000000
Lebanon,LBN,2001,3700000
Lebanon,LBN,2002,3700000
Lebanon,LBN,2003,4000000
Lebanon,LBN,2004,4000000
Lebanon,LBN,2005,4000000
Lebanon,LBN,2006,3900000
Lebanon,LBN,2007,3100000
Lebanon,LBN,2008,4500000
Lebanon,LBN,2009,5100000
Lebanon,LBN,2010,5100000
Lebanon,LBN,2011,5100000
Lebanon,LBN,2012,5400000
Lebanon,LBN,2013,5100000
Lebanon,LBN,2014,5500000
Lebanon,LBN,2015,5600000
Lebanon,LBN,2016,5700000
Libya,LBY,1990,6200000
Libya,LBY,1991,6200000
Libya,LBY,1992,6300000
Libya,LBY,1993,7400000
Libya,LBY,1994,8800000
Libya,LBY,1995,9500000
Libya,LBY,1996,10500000
Libya,LBY,1997,10100000
Libya,LBY,1998,9900000
Libya,LBY,1999,11000000
Libya,LBY,2000,11100000
Libya,LBY,2001,11500000
Libya,LBY,2002,11700000
Libya,LBY,2003,11900000
Libya,LBY,2004,12400000
Libya,LBY,2005,12700000
Libya,LBY,2006,12800000
Libya,LBY,2007,11600000
Libya,LBY,2008,13300000
Libya,LBY,2009,15500000
Libya,LBY,2010,18100000
Libya,LBY,2011,13600000
Libya,LBY,2012,16800000
Libya,LBY,2013,17600000
Libya,LBY,2014,19500000
Libya,LBY,2015,15100000
Libya,LBY,2016,21200000
Lithuania,LTU,1990,5500000
Lithuania,LTU,1991,6100000
Lithuania,LTU,1992,4000000
Lithuania,LTU,1993,3100000
Lithuania,LTU,1994,2400000
Lithuania,LTU,1995,2900000
Lithuania,LTU,1996,3200000
Lithuania,LTU,1997,3600000
Lithuania,LTU,1998,3800000
Lithuania,LTU,1999,3400000
Lithuania,LTU,2000,3000000
Lithuania,LTU,2001,3300000
Lithuania,LTU,2002,3400000
Lithuania,LTU,2003,3500000
Lithuania,LTU,2004,3800000
Lithuania,LTU,2005,4099999.9999999995
Lithuania,LTU,2006,4300000
Lithuania,LTU,2007,5000000
Lithuania,LTU,2008,5000000
Lithuania,LTU,2009,4099999.9999999995
Lithuania,LTU,2010,4300000
Lithuania,LTU,2011,4300000
Lithuania,LTU,2012,4300000
Lithuania,LTU,2013,4300000
Lithuania,LTU,2014,4800000
Lithuania,LTU,2015,5100000
Lithuania,LTU,2016,5400000
Luxembourg,LUX,1990,2600000
Luxembourg,LUX,1991,3100000
Luxembourg,LUX,1992,3400000
Luxembourg,LUX,1993,3500000
Luxembourg,LUX,1994,3500000
Luxembourg,LUX,1995,3300000
Luxembourg,LUX,1996,3400000
Luxembourg,LUX,1997,3700000
Luxembourg,LUX,1998,3800000
Luxembourg,LUX,1999,4200000
Luxembourg,LUX,2000,4900000
Luxembourg,LUX,2001,5100000
Luxembourg,LUX,2002,5300000
Luxembourg,LUX,2003,5900000
Luxembourg,LUX,2004,6800000
Luxembourg,LUX,2005,7200000
Luxembourg,LUX,2006,6900000
Luxembourg,LUX,2007,6600000
Luxembourg,LUX,2008,6700000
Luxembourg,LUX,2009,6200000
Luxembourg,LUX,2010,6500000
Luxembourg,LUX,2011,6900000
Luxembourg,LUX,2012,6600000
Luxembourg,LUX,2013,6500000
Luxembourg,LUX,2014,6200000
Luxembourg,LUX,2015,5800000
Luxembourg,LUX,2016,5600000
Malaysia,MYS,1990,14600000
Malaysia,MYS,1991,15700000
Malaysia,MYS,1992,16700000
Malaysia,MYS,1993,17400000
Malaysia,MYS,1994,19300000
Malaysia,MYS,1995,20500000
Malaysia,MYS,1996,23400000
Malaysia,MYS,1997,26900000
Malaysia,MYS,1998,25100000
Malaysia,MYS,1999,30400000
Malaysia,MYS,2000,32200000.000000004
Malaysia,MYS,2001,35000000
Malaysia,MYS,2002,35800000
Malaysia,MYS,2003,38100000
Malaysia,MYS,2004,41000000
Malaysia,MYS,2005,40700000
Malaysia,MYS,2006,39000000
Malaysia,MYS,2007,41500000
Malaysia,MYS,2008,43600000
Malaysia,MYS,2009,42700000
Malaysia,MYS,2010,44100000
Malaysia,MYS,2011,44600000
Malaysia,MYS,2012,44600000
Malaysia,MYS,2013,58500000
Malaysia,MYS,2014,65500000
Malaysia,MYS,2015,61400000
Malaysia,MYS,2016,62800000
Malta,MLT,1990,500000
Malta,MLT,1991,500000
Malta,MLT,1992,500000
Malta,MLT,1993,600000
Malta,MLT,1994,600000
Malta,MLT,1995,700000
Malta,MLT,1996,500000
Malta,MLT,1997,700000
Malta,MLT,1998,700000
Malta,MLT,1999,600000
Malta,MLT,2000,500000
Malta,MLT,2001,400000
Malta,MLT,2002,300000
Malta,MLT,2003,400000
Malta,MLT,2004,400000
Malta,MLT,2005,500000
Malta,MLT,2006,500000
Malta,MLT,2007,500000
Malta,MLT,2008,600000
Malta,MLT,2009,500000
Malta,MLT,2010,600000
Malta,MLT,2011,600000
Malta,MLT,2012,500000
Malta,MLT,2013,600000
Malta,MLT,2014,500000
Malta,MLT,2015,600000
Malta,MLT,2016,600000
Mauritius,MUS,1990,400000
Mauritius,MUS,1991,500000
Mauritius,MUS,1992,500000
Mauritius,MUS,1993,500000
Mauritius,MUS,1994,500000
Mauritius,MUS,1995,500000
Mauritius,MUS,1996,500000
Mauritius,MUS,1997,500000
Mauritius,MUS,1998,500000
Mauritius,MUS,1999,700000
Mauritius,MUS,2000,800000
Mauritius,MUS,2001,800000
Mauritius,MUS,2002,800000
Mauritius,MUS,2003,800000
Mauritius,MUS,2004,800000
Mauritius,MUS,2005,900000
Mauritius,MUS,2006,900000
Mauritius,MUS,2007,800000
Mauritius,MUS,2008,800000
Mauritius,MUS,2009,900000
Mauritius,MUS,2010,900000
Mauritius,MUS,2011,900000
Mauritius,MUS,2012,1000000
Mauritius,MUS,2013,1000000
Mauritius,MUS,2014,1000000
Mauritius,MUS,2015,1000000
Mauritius,MUS,2016,1100000
Mexico,MEX,1990,83500000
Mexico,MEX,1991,89400000
Mexico,MEX,1992,89700000
Mexico,MEX,1993,91800000
Mexico,MEX,1994,97400000
Mexico,MEX,1995,89400000
Mexico,MEX,1996,91700000
Mexico,MEX,1997,95700000
Mexico,MEX,1998,98300000
Mexico,MEX,1999,101100000
Mexico,MEX,2000,105600000
Mexico,MEX,2001,107900000
Mexico,MEX,2002,109800000
Mexico,MEX,2003,116400000
Mexico,MEX,2004,122800000
Mexico,MEX,2005,130199999.99999999
Mexico,MEX,2006,137400000
Mexico,MEX,2007,145200000
Mexico,MEX,2008,151200000
Mexico,MEX,2009,147700000
Mexico,MEX,2010,150600000
Mexico,MEX,2011,151700000
Mexico,MEX,2012,152500000
Mexico,MEX,2013,150600000
Mexico,MEX,2014,151200000
Mexico,MEX,2015,150500000
Mexico,MEX,2016,155900000
Moldova,MDA,1990,2400000
Moldova,MDA,1991,2300000
Moldova,MDA,1992,2200000
Moldova,MDA,1993,1400000
Moldova,MDA,1994,1300000
Moldova,MDA,1995,1300000
Moldova,MDA,1996,1400000
Moldova,MDA,1997,1400000
Moldova,MDA,1998,1100000
Moldova,MDA,1999,700000
Moldova,MDA,2000,700000
Moldova,MDA,2001,700000
Moldova,MDA,2002,1000000
Moldova,MDA,2003,1100000
Moldova,MDA,2004,1300000
Moldova,MDA,2005,1200000
Moldova,MDA,2006,1200000
Moldova,MDA,2007,1300000
Moldova,MDA,2008,1600000
Moldova,MDA,2009,1500000
Moldova,MDA,2010,1700000
Moldova,MDA,2011,1900000
Moldova,MDA,2012,1600000
Moldova,MDA,2013,1700000
Moldova,MDA,2014,1800000
Moldova,MDA,2015,1900000
Moldova,MDA,2016,2000000
Mongolia,MNG,1990,1500000
Mongolia,MNG,1991,1000000
Mongolia,MNG,1992,900000
Mongolia,MNG,1993,1000000
Mongolia,MNG,1994,700000
Mongolia,MNG,1995,800000
Mongolia,MNG,1996,900000
Mongolia,MNG,1997,800000
Mongolia,MNG,1998,800000
Mongolia,MNG,1999,800000
Mongolia,MNG,2000,1000000
Mongolia,MNG,2001,900000
Mongolia,MNG,2002,1000000
Mongolia,MNG,2003,1000000
Mongolia,MNG,2004,1200000
Mongolia,MNG,2005,1000000
Mongolia,MNG,2006,1300000
Mongolia,MNG,2007,1500000
Mongolia,MNG,2008,1600000
Mongolia,MNG,2009,1500000
Mongolia,MNG,2010,1500000
Mongolia,MNG,2011,1700000
Mongolia,MNG,2012,1900000
Mongolia,MNG,2013,1900000
Mongolia,MNG,2014,2000000
Mongolia,MNG,2015,2000000
Mongolia,MNG,2016,1700000
Montenegro,MNE,2005,500000
Montenegro,MNE,2006,500000
Montenegro,MNE,2007,600000
Montenegro,MNE,2008,600000
Montenegro,MNE,2009,600000
Montenegro,MNE,2010,700000
Montenegro,MNE,2011,600000
Montenegro,MNE,2012,600000
Montenegro,MNE,2013,500000
Montenegro,MNE,2014,500000
Montenegro,MNE,2015,600000
Montenegro,MNE,2016,700000
Morocco,MAR,1990,3900000
Morocco,MAR,1991,4300000
Morocco,MAR,1992,4800000
Morocco,MAR,1993,5200000
Morocco,MAR,1994,5600000
Morocco,MAR,1995,6000000
Morocco,MAR,1996,6400000
Morocco,MAR,1997,6800000
Morocco,MAR,1998,7300000
Morocco,MAR,1999,7800000
Morocco,MAR,2000,8199999.999999999
Morocco,MAR,2001,8600000
Morocco,MAR,2002,9000000
Morocco,MAR,2003,9400000
Morocco,MAR,2004,9800000
Morocco,MAR,2005,10200000
Morocco,MAR,2006,10500000
Morocco,MAR,2007,11200000
Morocco,MAR,2008,12200000
Morocco,MAR,2009,12900000
Morocco,MAR,2010,13600000
Morocco,MAR,2011,14400000
Morocco,MAR,2012,14600000
Morocco,MAR,2013,15200000
Morocco,MAR,2014,15400000
Morocco,MAR,2015,16399999.999999998
Morocco,MAR,2016,17100000
Mozambique,MOZ,1990,600000
Mozambique,MOZ,1991,500000
Mozambique,MOZ,1992,700000
Mozambique,MOZ,1993,900000
Mozambique,MOZ,1994,700000
Mozambique,MOZ,1995,700000
Mozambique,MOZ,1996,800000
Mozambique,MOZ,1997,800000
Mozambique,MOZ,1998,800000
Mozambique,MOZ,1999,800000
Mozambique,MOZ,2000,800000
Mozambique,MOZ,2001,800000
Mozambique,MOZ,2002,900000
Mozambique,MOZ,2003,1100000
Mozambique,MOZ,2004,1100000
Mozambique,MOZ,2005,1000000
Mozambique,MOZ,2006,1100000
Mozambique,MOZ,2007,1400000
Mozambique,MOZ,2008,1400000
Mozambique,MOZ,2009,1500000
Mozambique,MOZ,2010,1700000
Mozambique,MOZ,2011,2000000
Mozambique,MOZ,2012,1900000
Mozambique,MOZ,2013,2100000
Mozambique,MOZ,2014,2200000
Mozambique,MOZ,2015,2500000
Mozambique,MOZ,2016,3900000
Myanmar,MMR,1990,1300000
Myanmar,MMR,1991,1300000
Myanmar,MMR,1992,1000000
Myanmar,MMR,1993,1600000
Myanmar,MMR,1994,1800000
Myanmar,MMR,1995,2700000
Myanmar,MMR,1996,2900000
Myanmar,MMR,1997,2400000
Myanmar,MMR,1998,3000000
Myanmar,MMR,1999,3000000
Myanmar,MMR,2000,3500000
Myanmar,MMR,2001,2800000
Myanmar,MMR,2002,3500000
Myanmar,MMR,2003,3900000
Myanmar,MMR,2004,4300000
Myanmar,MMR,2005,4700000
Myanmar,MMR,2006,4000000
Myanmar,MMR,2007,4500000
Myanmar,MMR,2008,2100000
Myanmar,MMR,2009,2300000
Myanmar,MMR,2010,2300000
Myanmar,MMR,2011,2400000
Myanmar,MMR,2012,3000000
Myanmar,MMR,2013,3500000
Myanmar,MMR,2014,4000000
Myanmar,MMR,2015,4300000
Myanmar,MMR,2016,4400000
Namibia,NAM,1991,500000
Namibia,NAM,1992,500000
Namibia,NAM,1993,500000
Namibia,NAM,1994,600000
Namibia,NAM,1995,600000
Namibia,NAM,1996,1000000
Namibia,NAM,1997,1100000
Namibia,NAM,1998,1100000
Namibia,NAM,1999,1100000
Namibia,NAM,2000,1100000
Namibia,NAM,2001,1400000
Namibia,NAM,2002,1200000
Namibia,NAM,2003,1200000
Namibia,NAM,2004,1300000
Namibia,NAM,2005,1500000
Namibia,NAM,2006,1400000
Namibia,NAM,2007,1400000
Namibia,NAM,2008,1500000
Namibia,NAM,2009,1700000
Namibia,NAM,2010,1800000
Namibia,NAM,2011,1800000
Namibia,NAM,2012,1700000
Namibia,NAM,2013,1900000
Namibia,NAM,2014,2000000
Namibia,NAM,2015,2100000
Namibia,NAM,2016,2200000
Nepal,NPL,1990,300000
Nepal,NPL,1991,400000
Nepal,NPL,1992,400000
Nepal,NPL,1993,500000
Nepal,NPL,1994,600000
Nepal,NPL,1995,600000
Nepal,NPL,1996,600000
Nepal,NPL,1997,700000
Nepal,NPL,1998,800000
Nepal,NPL,1999,800000
Nepal,NPL,2000,800000
Nepal,NPL,2001,800000
Nepal,NPL,2002,800000
Nepal,NPL,2003,800000
Nepal,NPL,2004,800000
Nepal,NPL,2005,800000
Nepal,NPL,2006,900000
Nepal,NPL,2007,900000
Nepal,NPL,2008,1300000
Nepal,NPL,2009,1800000
Nepal,NPL,2010,1900000
Nepal,NPL,2011,2000000
Nepal,NPL,2012,2200000
Nepal,NPL,2013,2400000
Nepal,NPL,2014,2700000
Nepal,NPL,2015,2300000
Nepal,NPL,2016,3900000
Netherlands,NLD,1990,27100000
Netherlands,NLD,1991,27500000
Netherlands,NLD,1992,29000000
Netherlands,NLD,1993,29900000
Netherlands,NLD,1994,29300000
Netherlands,NLD,1995,29600000
Netherlands,NLD,1996,30800000
Netherlands,NLD,1997,30800000
Netherlands,NLD,1998,31500000
Netherlands,NLD,1999,32100000
Netherlands,NLD,2000,32100000
Netherlands,NLD,2001,32400000
Netherlands,NLD,2002,33100000
Netherlands,NLD,2003,33700000
Netherlands,NLD,2004,34200000
Netherlands,NLD,2005,34400000
Netherlands,NLD,2006,35300000
Netherlands,NLD,2007,34600000
Netherlands,NLD,2008,35000000
Netherlands,NLD,2009,33400000
Netherlands,NLD,2010,34100000
Netherlands,NLD,2011,34100000
Netherlands,NLD,2012,32700000.000000004
Netherlands,NLD,2013,31800000
Netherlands,NLD,2014,29500000
Netherlands,NLD,2015,30100000
Netherlands,NLD,2016,30100000
New Zealand,NZL,1990,8700000
New Zealand,NZL,1991,8700000
New Zealand,NZL,1992,9000000
New Zealand,NZL,1993,9400000
New Zealand,NZL,1994,10100000
New Zealand,NZL,1995,10800000
New Zealand,NZL,1996,10900000
New Zealand,NZL,1997,11100000
New Zealand,NZL,1998,11300000
New Zealand,NZL,1999,11600000
New Zealand,NZL,2000,12100000
New Zealand,NZL,2001,12200000
New Zealand,NZL,2002,12600000
New Zealand,NZL,2003,13200000
New Zealand,NZL,2004,13500000
New Zealand,NZL,2005,13500000
New Zealand,NZL,2006,13700000
New Zealand,NZL,2007,13800000
New Zealand,NZL,2008,13900000
New Zealand,NZL,2009,13600000
New Zealand,NZL,2010,13600000
New Zealand,NZL,2011,13600000
New Zealand,NZL,2012,13500000
New Zealand,NZL,2013,13700000
New Zealand,NZL,2014,13800000
New Zealand,NZL,2015,14400000
New Zealand,NZL,2016,14600000
Nicaragua,NIC,1990,700000
Nicaragua,NIC,1991,800000
Nicaragua,NIC,1992,900000
Nicaragua,NIC,1993,1000000
Nicaragua,NIC,1994,1000000
Nicaragua,NIC,1995,1100000
Nicaragua,NIC,1996,1200000
Nicaragua,NIC,1997,1200000
Nicaragua,NIC,1998,1300000
Nicaragua,NIC,1999,1400000
Nicaragua,NIC,2000,1500000
Nicaragua,NIC,2001,1500000
Nicaragua,NIC,2002,1500000
Nicaragua,NIC,2003,1500000
Nicaragua,NIC,2004,1500000
Nicaragua,NIC,2005,1500000
Nicaragua,NIC,2006,1500000
Nicaragua,NIC,2007,1600000
Nicaragua,NIC,2008,1500000
Nicaragua,NIC,2009,1500000
Nicaragua,NIC,2010,1600000
Nicaragua,NIC,2011,1700000
Nicaragua,NIC,2012,1800000
Nicaragua,NIC,2013,1800000
Nicaragua,NIC,2014,2000000
Nicaragua,NIC,2015,2200000
Nicaragua,NIC,2016,2400000
Niger,NER,2000,300000
Niger,NER,2001,400000
Niger,NER,2002,400000
Niger,NER,2003,400000
Niger,NER,2004,400000
Niger,NER,2005,400000
Niger,NER,2006,400000
Niger,NER,2007,500000
Niger,NER,2008,500000
Niger,NER,2009,700000
Niger,NER,2010,800000
Niger,NER,2011,800000
Niger,NER,2012,1000000
Niger,NER,2013,1100000
Niger,NER,2014,1200000
Niger,NER,2015,1200000
Niger,NER,2016,1200000
Nigeria,NGA,1990,11800000
Nigeria,NGA,1991,15300000
Nigeria,NGA,1992,18700000
Nigeria,NGA,1993,16100000.000000002
Nigeria,NGA,1994,12900000
Nigeria,NGA,1995,14900000
Nigeria,NGA,1996,17100000
Nigeria,NGA,1997,21900000
Nigeria,NGA,1998,18000000
Nigeria,NGA,1999,19600000
Nigeria,NGA,2000,21900000
Nigeria,NGA,2001,26600000
Nigeria,NGA,2002,27600000
Nigeria,NGA,2003,29100000
Nigeria,NGA,2004,29600000
Nigeria,NGA,2005,28700000
Nigeria,NGA,2006,24100000
Nigeria,NGA,2007,21000000
Nigeria,NGA,2008,25200000
Nigeria,NGA,2009,23500000
Nigeria,NGA,2010,27800000
Nigeria,NGA,2011,24900000
Nigeria,NGA,2012,25600000
Nigeria,NGA,2013,44300000
Nigeria,NGA,2014,48800000
Nigeria,NGA,2015,44400000
Nigeria,NGA,2016,50800000
North Korea,PRK,1990,4700000
North Korea,PRK,1991,4200000
North Korea,PRK,1992,3400000
North Korea,PRK,1993,3100000
North Korea,PRK,1994,2100000
North Korea,PRK,1995,2500000
North Korea,PRK,1996,2000000
North Korea,PRK,1997,1100000
North Korea,PRK,1998,2100000
North Korea,PRK,1999,900000
North Korea,PRK,2000,1700000
North Korea,PRK,2001,1600000
North Korea,PRK,2002,1600000
North Korea,PRK,2003,1500000
North Korea,PRK,2004,1500000
North Korea,PRK,2005,1300000
North Korea,PRK,2006,1000000
North Korea,PRK,2007,1200000
North Korea,PRK,2008,1200000
North Korea,PRK,2009,1300000
North Korea,PRK,2010,1300000
North Korea,PRK,2011,1300000
North Korea,PRK,2012,1300000
North Korea,PRK,2013,1400000
North Korea,PRK,2014,1300000
North Korea,PRK,2015,1400000
North Korea,PRK,2016,1400000
North Macedonia,MKD,1990,800000
North Macedonia,MKD,1991,800000
North Macedonia,MKD,1992,800000
North Macedonia,MKD,1993,1500000
North Macedonia,MKD,1994,900000
North Macedonia,MKD,1995,900000
North Macedonia,MKD,1996,1700000
North Macedonia,MKD,1997,1500000
North Macedonia,MKD,1998,1000000
North Macedonia,MKD,1999,1100000
North Macedonia,MKD,2000,1000000
North Macedonia,MKD,2001,900000
North Macedonia,MKD,2002,1000000
North Macedonia,MKD,2003,1000000
North Macedonia,MKD,2004,1000000
North Macedonia,MKD,2005,1000000
North Macedonia,MKD,2006,1000000
North Macedonia,MKD,2007,1200000
North Macedonia,MKD,2008,1200000
North Macedonia,MKD,2009,1300000
North Macedonia,MKD,2010,1300000
North Macedonia,MKD,2011,1400000
North Macedonia,MKD,2012,1400000
North Macedonia,MKD,2013,1500000
North Macedonia,MKD,2014,1600000
North Macedonia,MKD,2015,1800000
North Macedonia,MKD,2016,2000000
Norway,NOR,1990,10000000
Norway,NOR,1991,10200000
Norway,NOR,1992,10400000
Norway,NOR,1993,11000000
Norway,NOR,1994,10800000
Norway,NOR,1995,11500000
Norway,NOR,1996,12000000
Norway,NOR,1997,12200000
Norway,NOR,1998,12700000
Norway,NOR,1999,12900000
Norway,NOR,2000,12100000
Norway,NOR,2001,12300000
Norway,NOR,2002,12300000
Norway,NOR,2003,12600000
Norway,NOR,2004,13000000
Norway,NOR,2005,13100000
Norway,NOR,2006,13700000
Norway,NOR,2007,14300000
Norway,NOR,2008,13900000
Norway,NOR,2009,13600000
Norway,NOR,2010,14400000
Norway,NOR,2011,14500000
Norway,NOR,2012,14500000
Norway,NOR,2013,14100000
Norway,NOR,2014,14000000
Norway,NOR,2015,13800000
Norway,NOR,2016,13300000
Oman,OMN,1990,1700000
Oman,OMN,1991,1800000
Oman,OMN,1992,2000000
Oman,OMN,1993,2100000
Oman,OMN,1994,2100000
Oman,OMN,1995,2200000
Oman,OMN,1996,2300000
Oman,OMN,1997,2400000
Oman,OMN,1998,2500000
Oman,OMN,1999,2500000
Oman,OMN,2000,2600000
Oman,OMN,2001,2900000
Oman,OMN,2002,2800000
Oman,OMN,2003,3000000
Oman,OMN,2004,3200000
Oman,OMN,2005,3700000
Oman,OMN,2006,4099999.9999999995
Oman,OMN,2007,6200000
Oman,OMN,2008,7300000
Oman,OMN,2009,7400000
Oman,OMN,2010,8199999.999999999
Oman,OMN,2011,9500000
Oman,OMN,2012,10800000
Oman,OMN,2013,11900000
Oman,OMN,2014,12400000
Oman,OMN,2015,13100000
Oman,OMN,2016,12300000
Pakistan,PAK,1990,13800000
Pakistan,PAK,1991,14300000
Pakistan,PAK,1992,16100000.000000002
Pakistan,PAK,1993,18400000
Pakistan,PAK,1994,19500000
Pakistan,PAK,1995,20200000
Pakistan,PAK,1996,22800000
Pakistan,PAK,1997,23300000
Pakistan,PAK,1998,24600000
Pakistan,PAK,1999,25900000
Pakistan,PAK,2000,25600000
Pakistan,PAK,2001,25500000
Pakistan,PAK,2002,25900000
Pakistan,PAK,2003,27100000
Pakistan,PAK,2004,29300000
Pakistan,PAK,2005,27200000
Pakistan,PAK,2006,27600000
Pakistan,PAK,2007,33200000.000000004
Pakistan,PAK,2008,32200000.000000004
Pakistan,PAK,2009,32700000.000000004
Pakistan,PAK,2010,33400000
Pakistan,PAK,2011,35000000
Pakistan,PAK,2012,35800000
Pakistan,PAK,2013,36600000
Pakistan,PAK,2014,39100000
Pakistan,PAK,2015,44000000
Pakistan,PAK,2016,46200000
Panama,PAN,1990,1300000
Panama,PAN,1991,1300000
Panama,PAN,1992,1400000
Panama,PAN,1993,1500000
Panama,PAN,1994,1600000
Panama,PAN,1995,1700000
Panama,PAN,1996,1800000
Panama,PAN,1997,1900000
Panama,PAN,1998,2200000
Panama,PAN,1999,2300000
Panama,PAN,2000,2300000
Panama,PAN,2001,2200000
Panama,PAN,2002,2400000
Panama,PAN,2003,2500000
Panama,PAN,2004,2600000
Panama,PAN,2005,2900000
Panama,PAN,2006,3000000
Panama,PAN,2007,2800000
Panama,PAN,2008,3100000
Panama,PAN,2009,3400000
Panama,PAN,2010,3500000
Panama,PAN,2011,3600000
Panama,PAN,2012,3700000
Panama,PAN,2013,3700000
Panama,PAN,2014,3900000
Panama,PAN,2015,4300000
Panama,PAN,2016,4700000
Paraguay,PRY,1990,1600000
Paraguay,PRY,1991,1500000
Paraguay,PRY,1992,1800000
Paraguay,PRY,1993,2300000
Paraguay,PRY,1994,2600000
Paraguay,PRY,1995,2900000
Paraguay,PRY,1996,3000000
Paraguay,PRY,1997,3300000
Paraguay,PRY,1998,3500000
Paraguay,PRY,1999,3500000
Paraguay,PRY,2000,2800000
Paraguay,PRY,2001,3000000
Paraguay,PRY,2002,3200000
Paraguay,PRY,2003,3400000
Paraguay,PRY,2004,3400000
Paraguay,PRY,2005,3100000
Paraguay,PRY,2006,3200000
Paraguay,PRY,2007,3500000
Paraguay,PRY,2008,3700000
Paraguay,PRY,2009,3800000
Paraguay,PRY,2010,4300000
Paraguay,PRY,2011,4500000
Paraguay,PRY,2012,4600000
Paraguay,PRY,2013,4600000
Paraguay,PRY,2014,4800000
Paraguay,PRY,2015,5300000
Paraguay,PRY,2016,6000000
Peru,PER,1990,7100000
Peru,PER,1991,6400000
Peru,PER,1992,6900000
Peru,PER,1993,7100000
Peru,PER,1994,8000000
Peru,PER,1995,8700000
Peru,PER,1996,9100000
Peru,PER,1997,9400000
Peru,PER,1998,9300000
Peru,PER,1999,9900000
Peru,PER,2000,9700000
Peru,PER,2001,9100000
Peru,PER,2002,8900000
Peru,PER,2003,9400000
Peru,PER,2004,10600000
Peru,PER,2005,10100000
Peru,PER,2006,10800000
Peru,PER,2007,11300000
Peru,PER,2008,13800000
Peru,PER,2009,15100000
Peru,PER,2010,16399999.999999998
Peru,PER,2011,17000000
Peru,PER,2012,17400000
Peru,PER,2013,18700000
Peru,PER,2014,18700000
Peru,PER,2015,20400000
Peru,PER,2016,22300000
Philippines,PHL,1990,13700000
Philippines,PHL,1991,13900000
Philippines,PHL,1992,15900000
Philippines,PHL,1993,16900000
Philippines,PHL,1994,18500000
Philippines,PHL,1995,22200000
Philippines,PHL,1996,25100000
Philippines,PHL,1997,27100000
Philippines,PHL,1998,27300000
Philippines,PHL,1999,27200000
Philippines,PHL,2000,24600000
Philippines,PHL,2001,26600000
Philippines,PHL,2002,26800000
Philippines,PHL,2003,25800000
Philippines,PHL,2004,26700000
Philippines,PHL,2005,25200000
Philippines,PHL,2006,23400000
Philippines,PHL,2007,22000000
Philippines,PHL,2008,22200000
Philippines,PHL,2009,23300000
Philippines,PHL,2010,23700000
Philippines,PHL,2011,23500000
Philippines,PHL,2012,24500000
Philippines,PHL,2013,25600000
Philippines,PHL,2014,26600000
Philippines,PHL,2015,30800000
Philippines,PHL,2016,33299999.999999996
Poland,POL,1990,20200000
Poland,POL,1991,21100000
Poland,POL,1992,21500000
Poland,POL,1993,20900000
Poland,POL,1994,21500000
Poland,POL,1995,22300000
Poland,POL,1996,25300000
Poland,POL,1997,26700000
Poland,POL,1998,28200000
Poland,POL,1999,30700000
Poland,POL,2000,27000000
Poland,POL,2001,26800000
Poland,POL,2002,25900000
Poland,POL,2003,28300000
Poland,POL,2004,32100000
Poland,POL,2005,34500000
Poland,POL,2006,38300000
Poland,POL,2007,42300000
Poland,POL,2008,44300000
Poland,POL,2009,44700000
Poland,POL,2010,47100000
Poland,POL,2011,47700000
Poland,POL,2012,45900000
Poland,POL,2013,43200000
Poland,POL,2014,43800000
Poland,POL,2015,46700000
Poland,POL,2016,53300000
Portugal,PRT,1990,9700000
Portugal,PRT,1991,10300000
Portugal,PRT,1992,11300000
Portugal,PRT,1993,11800000
Portugal,PRT,1994,12400000
Portugal,PRT,1995,12900000
Portugal,PRT,1996,13700000
Portugal,PRT,1997,14200000
Portugal,PRT,1998,15500000
Portugal,PRT,1999,16200000
Portugal,PRT,2000,17600000
Portugal,PRT,2001,17900000
Portugal,PRT,2002,18500000
Portugal,PRT,2003,19400000
Portugal,PRT,2004,19900000
Portugal,PRT,2005,19100000
Portugal,PRT,2006,19000000
Portugal,PRT,2007,19200000
Portugal,PRT,2008,19200000
Portugal,PRT,2009,19000000
Portugal,PRT,2010,18500000
Portugal,PRT,2011,17200000
Portugal,PRT,2012,15800000
Portugal,PRT,2013,15600000
Portugal,PRT,2014,15700000
Portugal,PRT,2015,15800000
Portugal,PRT,2016,16100000.000000002
Qatar,QAT,1990,1500000
Qatar,QAT,1991,1500000
Qatar,QAT,1992,1600000
Qatar,QAT,1993,1700000
Qatar,QAT,1994,1800000
Qatar,QAT,1995,2000000
Qatar,QAT,1996,2100000
Qatar,QAT,1997,2300000
Qatar,QAT,1998,2500000
Qatar,QAT,1999,2300000
Qatar,QAT,2000,2400000
Qatar,QAT,2001,2600000
Qatar,QAT,2002,2900000
Qatar,QAT,2003,3400000
Qatar,QAT,2004,3800000
Qatar,QAT,2005,4700000
Qatar,QAT,2006,5600000
Qatar,QAT,2007,6500000
Qatar,QAT,2008,8400000
Qatar,QAT,2009,8500000
Qatar,QAT,2010,8900000
Qatar,QAT,2011,9800000
Qatar,QAT,2012,9300000
Qatar,QAT,2013,10100000
Qatar,QAT,2014,12300000
Qatar,QAT,2015,12800000
Qatar,QAT,2016,13200000
Romania,ROU,1990,11700000
Romania,ROU,1991,10300000
Romania,ROU,1992,10400000
Romania,ROU,1993,8300000.000000001
Romania,ROU,1994,8900000
Romania,ROU,1995,8199999.999999999
Romania,ROU,1996,11500000
Romania,ROU,1997,11700000
Romania,ROU,1998,11100000
Romania,ROU,1999,9300000
Romania,ROU,2000,9500000
Romania,ROU,2001,11500000
Romania,ROU,2002,11800000
Romania,ROU,2003,12400000
Romania,ROU,2004,12900000
Romania,ROU,2005,12100000
Romania,ROU,2006,12500000
Romania,ROU,2007,13200000
Romania,ROU,2008,14800000
Romania,ROU,2009,14900000
Romania,ROU,2010,13800000
Romania,ROU,2011,14000000
Romania,ROU,2012,15300000
Romania,ROU,2013,14900000
Romania,ROU,2014,15300000
Romania,ROU,2015,15400000
Romania,ROU,2016,16500000
Russia,RUS,1990,298800000
Russia,RUS,1991,293100000
Russia,RUS,1992,280700000
Russia,RUS,1993,235600000
Russia,RUS,1994,207100000
Russia,RUS,1995,190900000
Russia,RUS,1996,181500000
Russia,RUS,1997,166600000
Russia,RUS,1998,196400000
Russia,RUS,1999,198100000
Russia,RUS,2000,189200000
Russia,RUS,2001,195600000
Russia,RUS,2002,198600000
Russia,RUS,2003,207600000
Russia,RUS,2004,222200000
Russia,RUS,2005,220900000
Russia,RUS,2006,229200000
Russia,RUS,2007,230700000
Russia,RUS,2008,245300000
Russia,RUS,2009,228300000
Russia,RUS,2010,244100000
Russia,RUS,2011,249700000
Russia,RUS,2012,237300000
Russia,RUS,2013,238700000
Russia,RUS,2014,241400000
Russia,RUS,2015,240600000
Russia,RUS,2016,240200000
Saudi Arabia,SAU,1990,49400000
Saudi Arabia,SAU,1991,51500000
Saudi Arabia,SAU,1992,54500000
Saudi Arabia,SAU,1993,57400000
Saudi Arabia,SAU,1994,61200000
Saudi Arabia,SAU,1995,54100000
Saudi Arabia,SAU,1996,56900000
Saudi Arabia,SAU,1997,57700000
Saudi Arabia,SAU,1998,57900000
Saudi Arabia,SAU,1999,58100000
Saudi Arabia,SAU,2000,60900000
Saudi Arabia,SAU,2001,62700000
Saudi Arabia,SAU,2002,66400000.00000001
Saudi Arabia,SAU,2003,68700000
Saudi Arabia,SAU,2004,72200000
Saudi Arabia,SAU,2005,75800000
Saudi Arabia,SAU,2006,81900000
Saudi Arabia,SAU,2007,91300000
Saudi Arabia,SAU,2008,98500000
Saudi Arabia,SAU,2009,101600000
Saudi Arabia,SAU,2010,105400000
Saudi Arabia,SAU,2011,110700000
Saudi Arabia,SAU,2012,120500000
Saudi Arabia,SAU,2013,124400000
Saudi Arabia,SAU,2014,131400000
Saudi Arabia,SAU,2015,142200000
Saudi Arabia,SAU,2016,136900000
Senegal,SEN,1990,700000
Senegal,SEN,1991,700000
Senegal,SEN,1992,800000
Senegal,SEN,1993,800000
Senegal,SEN,1994,700000
Senegal,SEN,1995,800000
Senegal,SEN,1996,800000
Senegal,SEN,1997,900000
Senegal,SEN,1998,1000000
Senegal,SEN,1999,1100000
Senegal,SEN,2000,1200000
Senegal,SEN,2001,1200000
Senegal,SEN,2002,1300000
Senegal,SEN,2003,1400000
Senegal,SEN,2004,1500000
Senegal,SEN,2005,1500000
Senegal,SEN,2006,1600000
Senegal,SEN,2007,2000000
Senegal,SEN,2008,2200000
Senegal,SEN,2009,2000000
Senegal,SEN,2010,2100000
Senegal,SEN,2011,2200000
Senegal,SEN,2012,2100000
Senegal,SEN,2013,2300000
Senegal,SEN,2014,2400000
Senegal,SEN,2015,2700000
Senegal,SEN,2016,3000000
Serbia,SRB,1990,4500000
Serbia,SRB,1991,3200000
Serbia,SRB,1992,2300000
Serbia,SRB,1993,2700000
Serbia,SRB,1994,2600000
Serbia,SRB,1995,2700000
Serbia,SRB,1996,4600000
Serbia,SRB,1997,6300000
Serbia,SRB,1998,4900000
Serbia,SRB,1999,2600000
Serbia,SRB,2000,2300000
Serbia,SRB,2001,3700000
Serbia,SRB,2002,4500000
Serbia,SRB,2003,4900000
Serbia,SRB,2004,6300000
Serbia,SRB,2005,6600000
Serbia,SRB,2006,7100000
Serbia,SRB,2007,5500000
Serbia,SRB,2008,6800000
Serbia,SRB,2009,6400000
Serbia,SRB,2010,6400000
Serbia,SRB,2011,5800000
Serbia,SRB,2012,5100000
Serbia,SRB,2013,5600000
Serbia,SRB,2014,5900000
Serbia,SRB,2015,5800000
Serbia,SRB,2016,6000000
Singapore,SGP,1990,4099999.9999999995
Singapore,SGP,1991,4900000
Singapore,SGP,1992,4800000
Singapore,SGP,1993,4700000
Singapore,SGP,1994,5100000
Singapore,SGP,1995,5600000
Singapore,SGP,1996,5100000
Singapore,SGP,1997,5100000
Singapore,SGP,1998,5100000
Singapore,SGP,1999,5100000
Singapore,SGP,2000,5200000
Singapore,SGP,2001,5300000
Singapore,SGP,2002,5300000
Singapore,SGP,2003,5300000
Singapore,SGP,2004,5400000
Singapore,SGP,2005,5600000
Singapore,SGP,2006,5800000
Singapore,SGP,2007,6000000
Singapore,SGP,2008,6100000
Singapore,SGP,2009,6700000
Singapore,SGP,2010,7000000
Singapore,SGP,2011,7600000
Singapore,SGP,2012,7400000
Singapore,SGP,2013,7100000
Singapore,SGP,2014,6900000
Singapore,SGP,2015,6600000
Singapore,SGP,2016,6500000
Slovakia,SVK,1990,4099999.9999999995
Slovakia,SVK,1991,3400000
Slovakia,SVK,1992,3500000
Slovakia,SVK,1993,2900000
Slovakia,SVK,1994,3400000
Slovakia,SVK,1995,3800000
Slovakia,SVK,1996,3500000
Slovakia,SVK,1997,4099999.9999999995
Slovakia,SVK,1998,4200000
Slovakia,SVK,1999,4200000
Slovakia,SVK,2000,4099999.9999999995
Slovakia,SVK,2001,5300000
Slovakia,SVK,2002,6100000
Slovakia,SVK,2003,5600000
Slovakia,SVK,2004,5900000
Slovakia,SVK,2005,6500000
Slovakia,SVK,2006,6100000
Slovakia,SVK,2007,6700000
Slovakia,SVK,2008,7300000
Slovakia,SVK,2009,6300000
Slovakia,SVK,2010,7200000
Slovakia,SVK,2011,7100000
Slovakia,SVK,2012,6500000
Slovakia,SVK,2013,6500000
Slovakia,SVK,2014,6100000
Slovakia,SVK,2015,6000000
Slovakia,SVK,2016,6800000
Slovenia,SVN,1990,2600000
Slovenia,SVN,1991,2500000
Slovenia,SVN,1992,2600000
Slovenia,SVN,1993,3100000
Slovenia,SVN,1994,3400000
Slovenia,SVN,1995,3800000
Slovenia,SVN,1996,4400000
Slovenia,SVN,1997,4600000
Slovenia,SVN,1998,3800000
Slovenia,SVN,1999,3600000
Slovenia,SVN,2000,3500000
Slovenia,SVN,2001,3700000
Slovenia,SVN,2002,3800000
Slovenia,SVN,2003,3900000
Slovenia,SVN,2004,4000000
Slovenia,SVN,2005,4300000
Slovenia,SVN,2006,4500000
Slovenia,SVN,2007,5200000
Slovenia,SVN,2008,6100000
Slovenia,SVN,2009,5100000
Slovenia,SVN,2010,5200000
Slovenia,SVN,2011,5600000
Slovenia,SVN,2012,5600000
Slovenia,SVN,2013,5300000
Slovenia,SVN,2014,5300000
Slovenia,SVN,2015,5300000
Slovenia,SVN,2016,5600000
South Africa,ZAF,1990,29500000
South Africa,ZAF,1991,29600000
South Africa,ZAF,1992,30100000
South Africa,ZAF,1993,30200000
South Africa,ZAF,1994,31300000
South Africa,ZAF,1995,35200000
South Africa,ZAF,1996,34300000
South Africa,ZAF,1997,35200000
South Africa,ZAF,1998,34900000
South Africa,ZAF,1999,35400000
South Africa,ZAF,2000,35200000
South Africa,ZAF,2001,36000000
South Africa,ZAF,2002,36800000
South Africa,ZAF,2003,39000000
South Africa,ZAF,2004,41300000
South Africa,ZAF,2005,43200000
South Africa,ZAF,2006,44400000
South Africa,ZAF,2007,48800000
South Africa,ZAF,2008,48800000
South Africa,ZAF,2009,46800000
South Africa,ZAF,2010,48100000
South Africa,ZAF,2011,50500000
South Africa,ZAF,2012,50500000
South Africa,ZAF,2013,55300000
South Africa,ZAF,2014,52700000
South Africa,ZAF,2015,55000000
South Africa,ZAF,2016,55400000
South Korea,KOR,1990,43700000
South Korea,KOR,1991,49000000
South Korea,KOR,1992,54500000
South Korea,KOR,1993,61500000
South Korea,KOR,1994,64599999.99999999
South Korea,KOR,1995,72500000
South Korea,KOR,1996,76400000
South Korea,KOR,1997,78100000
South Korea,KOR,1998,65200000
South Korea,KOR,1999,71800000
South Korea,KOR,2000,77800000
South Korea,KOR,2001,81000000
South Korea,KOR,2002,86400000
South Korea,KOR,2003,88300000
South Korea,KOR,2004,88900000
South Korea,KOR,2005,86100000
South Korea,KOR,2006,86000000
South Korea,KOR,2007,88600000
South Korea,KOR,2008,84200000
South Korea,KOR,2009,85100000
South Korea,KOR,2010,86600000
South Korea,KOR,2011,85100000
South Korea,KOR,2012,87600000
South Korea,KOR,2013,90900000
South Korea,KOR,2014,92500000
South Korea,KOR,2015,98400000
South Korea,KOR,2016,101300000
South Sudan,SSD,2012,1000000
South Sudan,SSD,2013,1000000
South Sudan,SSD,2014,1000000
South Sudan,SSD,2015,1100000
South Sudan,SSD,2016,1000000
Spain,ESP,1990,63200000
Spain,ESP,1991,65800000
Spain,ESP,1992,69400000
Spain,ESP,1993,68400000
Spain,ESP,1994,70700000
Spain,ESP,1995,71900000
Spain,ESP,1996,76800000
Spain,ESP,1997,76700000
Spain,ESP,1998,84200000
Spain,ESP,1999,88500000
Spain,ESP,2000,90400000
Spain,ESP,2001,94400000
Spain,ESP,2002,96100000
Spain,ESP,2003,101100000
Spain,ESP,2004,105500000
Spain,ESP,2005,109200000
Spain,ESP,2006,113100000
Spain,ESP,2007,116100000
Spain,ESP,2008,109900000
Spain,ESP,2009,101300000
Spain,ESP,2010,98400000
Spain,ESP,2011,91900000
Spain,ESP,2012,82700000
Spain,ESP,2013,81600000
Spain,ESP,2014,82000000
Spain,ESP,2015,85600000
Spain,ESP,2016,88800000
Sri Lanka,LKA,1990,2500000
Sri Lanka,LKA,1991,2500000
Sri Lanka,LKA,1992,2800000
Sri Lanka,LKA,1993,3000000
Sri Lanka,LKA,1994,3500000
Sri Lanka,LKA,1995,3700000
Sri Lanka,LKA,1996,5100000
Sri Lanka,LKA,1997,4700000
Sri Lanka,LKA,1998,4900000
Sri Lanka,LKA,1999,5400000
Sri Lanka,LKA,2000,5200000
Sri Lanka,LKA,2001,5200000
Sri Lanka,LKA,2002,5300000
Sri Lanka,LKA,2003,5700000
Sri Lanka,LKA,2004,5800000
Sri Lanka,LKA,2005,6300000
Sri Lanka,LKA,2006,6000000
Sri Lanka,LKA,2007,6600000
Sri Lanka,LKA,2008,6000000
Sri Lanka,LKA,2009,5500000
Sri Lanka,LKA,2010,6900000
Sri Lanka,LKA,2011,7400000
Sri Lanka,LKA,2012,7400000
Sri Lanka,LKA,2013,7700000
Sri Lanka,LKA,2014,8100000
Sri Lanka,LKA,2015,8700000
Sri Lanka,LKA,2016,9400000
Sudan,SDN,1990,4000000
Sudan,SDN,1991,3100000
Sudan,SDN,1992,3100000
Sudan,SDN,1993,2000000
Sudan,SDN,1994,3000000
Sudan,SDN,1995,2800000
Sudan,SDN,1996,2600000
Sudan,SDN,1997,3100000
Sudan,SDN,1998,3000000
Sudan,SDN,1999,2400000
Sudan,SDN,2000,2600000
Sudan,SDN,2001,3400000
Sudan,SDN,2002,3900000
Sudan,SDN,2003,3800000
Sudan,SDN,2004,4200000
Sudan,SDN,2005,4900000
Sudan,SDN,2006,5900000
Sudan,SDN,2007,6500000
Sudan,SDN,2008,7700000
Sudan,SDN,2009,7800000
Sudan,SDN,2010,8800000
Sudan,SDN,2011,8800000
Sudan,SDN,2012,8500000
Sudan,SDN,2013,8199999.999999999
Sudan,SDN,2014,8000000
Sudan,SDN,2015,8400000
Sudan,SDN,2016,9500000
Suriname,SUR,2000,300000
Suriname,SUR,2001,300000
Suriname,SUR,2002,400000
Suriname,SUR,2003,500000
Suriname,SUR,2004,500000
Suriname,SUR,2005,500000
Suriname,SUR,2006,500000
Suriname,SUR,2007,500000
Suriname,SUR,2008,600000
Suriname,SUR,2009,600000
Suriname,SUR,2010,600000
Suriname,SUR,2011,600000
Suriname,SUR,2012,700000
Suriname,SUR,2013,600000
Suriname,SUR,2014,700000
Suriname,SUR,2015,700000
Suriname,SUR,2016,600000
Sweden,SWE,1990,19900000
Sweden,SWE,1991,19600000
Sweden,SWE,1992,20300000
Sweden,SWE,1993,19400000
Sweden,SWE,1994,20100000
Sweden,SWE,1995,20300000
Sweden,SWE,1996,20100000
Sweden,SWE,1997,20300000
Sweden,SWE,1998,20600000
Sweden,SWE,1999,21100000
Sweden,SWE,2000,21200000
Sweden,SWE,2001,21100000
Sweden,SWE,2002,21300000
Sweden,SWE,2003,21600000
Sweden,SWE,2004,22000000
Sweden,SWE,2005,22400000
Sweden,SWE,2006,22300000
Sweden,SWE,2007,22600000
Sweden,SWE,2008,21800000
Sweden,SWE,2009,21200000
Sweden,SWE,2010,21700000
Sweden,SWE,2011,21100000
Sweden,SWE,2012,20200000
Sweden,SWE,2013,19700000
Sweden,SWE,2014,19900000
Sweden,SWE,2015,19700000
Sweden,SWE,2016,20000000
Switzerland,CHE,1990,14500000
Switzerland,CHE,1991,14900000
Switzerland,CHE,1992,15300000
Switzerland,CHE,1993,14300000
Switzerland,CHE,1994,14600000
Switzerland,CHE,1995,14400000
Switzerland,CHE,1996,14400000
Switzerland,CHE,1997,14900000
Switzerland,CHE,1998,15000000
Switzerland,CHE,1999,15000000
Switzerland,CHE,2000,16500000
Switzerland,CHE,2001,16200000
Switzerland,CHE,2002,16300000
Switzerland,CHE,2003,16399999.999999998
Switzerland,CHE,2004,16500000
Switzerland,CHE,2005,16600000.000000002
Switzerland,CHE,2006,16700000
Switzerland,CHE,2007,17000000
Switzerland,CHE,2008,17400000
Switzerland,CHE,2009,17200000
Switzerland,CHE,2010,17200000
Switzerland,CHE,2011,17000000
Switzerland,CHE,2012,17100000
Switzerland,CHE,2013,17100000
Switzerland,CHE,2014,16900000
Switzerland,CHE,2015,16200000
Switzerland,CHE,2016,16000000
Syria,SYR,1990,7200000
Syria,SYR,1991,7600000
Syria,SYR,1992,7200000
Syria,SYR,1993,7500000
Syria,SYR,1994,7500000
Syria,SYR,1995,7500000
Syria,SYR,1996,8800000
Syria,SYR,1997,9000000
Syria,SYR,1998,9300000
Syria,SYR,1999,8000000
Syria,SYR,2000,8500000
Syria,SYR,2001,8000000
Syria,SYR,2002,8700000
Syria,SYR,2003,7900000
Syria,SYR,2004,10300000
Syria,SYR,2005,13600000
Syria,SYR,2006,14500000
Syria,SYR,2007,15100000
Syria,SYR,2008,15200000
Syria,SYR,2009,12800000
Syria,SYR,2010,12300000
Syria,SYR,2011,11800000
Syria,SYR,2012,8400000
Syria,SYR,2013,7200000
Syria,SYR,2014,6600000
Syria,SYR,2015,6400000
Syria,SYR,2016,6400000
Tajikistan,TJK,1990,700000
Tajikistan,TJK,1991,700000
Tajikistan,TJK,1992,400000
Tajikistan,TJK,1993,300000
Tajikistan,TJK,1994,200000
Tajikistan,TJK,1995,200000
Tajikistan,TJK,1996,100000
Tajikistan,TJK,1997,100000
Tajikistan,TJK,1998,100000
Tajikistan,TJK,1999,100000
Tajikistan,TJK,2000,0
Tajikistan,TJK,2001,100000
Tajikistan,TJK,2002,100000
Tajikistan,TJK,2003,100000
Tajikistan,TJK,2004,100000
Tajikistan,TJK,2005,100000
Tajikistan,TJK,2006,200000
Tajikistan,TJK,2007,300000
Tajikistan,TJK,2008,300000
Tajikistan,TJK,2009,200000
Tajikistan,TJK,2010,300000
Tajikistan,TJK,2011,300000
Tajikistan,TJK,2012,900000
Tajikistan,TJK,2013,900000
Tajikistan,TJK,2014,1500000
Tajikistan,TJK,2015,1300000
Tajikistan,TJK,2016,1300000
Tanzania,TZA,1990,700000
Tanzania,TZA,1991,700000
Tanzania,TZA,1992,700000
Tanzania,TZA,1993,700000
Tanzania,TZA,1994,700000
Tanzania,TZA,1995,900000
Tanzania,TZA,1996,1200000
Tanzania,TZA,1997,1200000
Tanzania,TZA,1998,1400000
Tanzania,TZA,1999,1200000
Tanzania,TZA,2000,1500000
Tanzania,TZA,2001,1700000
Tanzania,TZA,2002,2200000
Tanzania,TZA,2003,2300000
Tanzania,TZA,2004,2400000
Tanzania,TZA,2005,2700000
Tanzania,TZA,2006,2800000
Tanzania,TZA,2007,2800000
Tanzania,TZA,2008,3000000
Tanzania,TZA,2009,2900000
Tanzania,TZA,2010,3500000
Tanzania,TZA,2011,4800000
Tanzania,TZA,2012,6000000
Tanzania,TZA,2013,6100000
Tanzania,TZA,2014,6000000
Tanzania,TZA,2015,7000000
Tanzania,TZA,2016,7000000
Thailand,THA,1990,27300000
Thailand,THA,1991,28400000
Thailand,THA,1992,30000000
Thailand,THA,1993,35300000
Thailand,THA,1994,39300000
Thailand,THA,1995,46800000
Thailand,THA,1996,51100000
Thailand,THA,1997,50800000
Thailand,THA,1998,44000000
Thailand,THA,1999,45300000
Thailand,THA,2000,44200000
Thailand,THA,2001,45400000
Thailand,THA,2002,47900000
Thailand,THA,2003,51200000
Thailand,THA,2004,55000000
Thailand,THA,2005,55000000
Thailand,THA,2006,51300000
Thailand,THA,2007,55600000
Thailand,THA,2008,53100000
Thailand,THA,2009,56400000
Thailand,THA,2010,57200000
Thailand,THA,2011,60200000
Thailand,THA,2012,62900000
Thailand,THA,2013,62500000
Thailand,THA,2014,60600000
Thailand,THA,2015,64900000.00000001
Thailand,THA,2016,69200000
Togo,TGO,1990,400000
Togo,TGO,1991,300000
Togo,TGO,1992,300000
Togo,TGO,1993,200000
Togo,TGO,1994,300000
Togo,TGO,1995,400000
Togo,TGO,1996,700000
Togo,TGO,1997,400000
Togo,TGO,1998,500000
Togo,TGO,1999,600000
Togo,TGO,2000,400000
Togo,TGO,2001,300000
Togo,TGO,2002,500000
Togo,TGO,2003,700000
Togo,TGO,2004,600000
Togo,TGO,2005,600000
Togo,TGO,2006,600000
Togo,TGO,2007,600000
Togo,TGO,2008,900000
Togo,TGO,2009,1900000
Togo,TGO,2010,1600000
Togo,TGO,2011,1500000
Togo,TGO,2012,1300000
Togo,TGO,2013,1300000
Togo,TGO,2014,1400000
Togo,TGO,2015,1500000
Togo,TGO,2016,1500000
Trinidad and Tobago,TTO,1990,1300000
Trinidad and Tobago,TTO,1991,1400000
Trinidad and Tobago,TTO,1992,1400000
Trinidad and Tobago,TTO,1993,1200000
Trinidad and Tobago,TTO,1994,1300000
Trinidad and Tobago,TTO,1995,1300000
Trinidad and Tobago,TTO,1996,1400000
Trinidad and Tobago,TTO,1997,1500000
Trinidad and Tobago,TTO,1998,1600000
Trinidad and Tobago,TTO,1999,1600000
Trinidad and Tobago,TTO,2000,1600000
Trinidad and Tobago,TTO,2001,1600000
Trinidad and Tobago,TTO,2002,1700000
Trinidad and Tobago,TTO,2003,1700000
Trinidad and Tobago,TTO,2004,2100000
Trinidad and Tobago,TTO,2005,2200000
Trinidad and Tobago,TTO,2006,2600000
Trinidad and Tobago,TTO,2007,2800000
Trinidad and Tobago,TTO,2008,3000000
Trinidad and Tobago,TTO,2009,3000000
Trinidad and Tobago,TTO,2010,3200000
Trinidad and Tobago,TTO,2011,3200000
Trinidad and Tobago,TTO,2012,3100000
Trinidad and Tobago,TTO,2013,3200000
Trinidad and Tobago,TTO,2014,3200000
Trinidad and Tobago,TTO,2015,3400000
Trinidad and Tobago,TTO,2016,3700000
Tunisia,TUN,1990,2500000
Tunisia,TUN,1991,2600000
Tunisia,TUN,1992,2600000
Tunisia,TUN,1993,3000000
Tunisia,TUN,1994,3100000
Tunisia,TUN,1995,3200000
Tunisia,TUN,1996,3300000
Tunisia,TUN,1997,3500000
Tunisia,TUN,1998,3600000
Tunisia,TUN,1999,3800000
Tunisia,TUN,2000,4000000
Tunisia,TUN,2001,4099999.9999999995
Tunisia,TUN,2002,4200000
Tunisia,TUN,2003,4400000
Tunisia,TUN,2004,4400000
Tunisia,TUN,2005,4600000
Tunisia,TUN,2006,4600000
Tunisia,TUN,2007,4800000
Tunisia,TUN,2008,4700000
Tunisia,TUN,2009,5700000
Tunisia,TUN,2010,6900000
Tunisia,TUN,2011,6400000
Tunisia,TUN,2012,6400000
Tunisia,TUN,2013,6100000
Tunisia,TUN,2014,6300000
Tunisia,TUN,2015,6700000
Tunisia,TUN,2016,7100000
Turkey,TUR,1990,27900000
Turkey,TUR,1991,26600000
Turkey,TUR,1992,27100000
Turkey,TUR,1993,32299999.999999996
Turkey,TUR,1994,31300000
Turkey,TUR,1995,35200000
Turkey,TUR,1996,37000000
Turkey,TUR,1997,34300000
Turkey,TUR,1998,31700000
Turkey,TUR,1999,33299999.999999996
Turkey,TUR,2000,34700000
Turkey,TUR,2001,33299999.999999996
Turkey,TUR,2002,35100000
Turkey,TUR,2003,35100000
Turkey,TUR,2004,35700000
Turkey,TUR,2005,36900000
Turkey,TUR,2006,41700000
Turkey,TUR,2007,47500000
Turkey,TUR,2008,44700000
Turkey,TUR,2009,44300000
Turkey,TUR,2010,43400000
Turkey,TUR,2011,44000000
Turkey,TUR,2012,51100000
Turkey,TUR,2013,57200000
Turkey,TUR,2014,60900000
Turkey,TUR,2015,72500000
Turkey,TUR,2016,79000000
Turkmenistan,TKM,1990,9800000
Turkmenistan,TKM,1991,8800000
Turkmenistan,TKM,1992,6900000
Turkmenistan,TKM,1993,7100000
Turkmenistan,TKM,1994,4300000
Turkmenistan,TKM,1995,4000000
Turkmenistan,TKM,1996,4500000
Turkmenistan,TKM,1997,2700000
Turkmenistan,TKM,1998,3300000
Turkmenistan,TKM,1999,4099999.9999999995
Turkmenistan,TKM,2000,6500000
Turkmenistan,TKM,2001,6600000
Turkmenistan,TKM,2002,7300000
Turkmenistan,TKM,2003,8199999.999999999
Turkmenistan,TKM,2004,8300000.000000001
Turkmenistan,TKM,2005,8600000
Turkmenistan,TKM,2006,8600000
Turkmenistan,TKM,2007,9200000
Turkmenistan,TKM,2008,9500000
Turkmenistan,TKM,2009,7200000
Turkmenistan,TKM,2010,8300000.000000001
Turkmenistan,TKM,2011,10000000
Turkmenistan,TKM,2012,10400000
Turkmenistan,TKM,2013,11100000
Turkmenistan,TKM,2014,11800000
Turkmenistan,TKM,2015,11800000
Turkmenistan,TKM,2016,11800000
Ukraine,UKR,1990,54900000
Ukraine,UKR,1991,66099999.99999999
Ukraine,UKR,1992,40900000
Ukraine,UKR,1993,35400000
Ukraine,UKR,1994,32299999.999999996
Ukraine,UKR,1995,33299999.999999996
Ukraine,UKR,1996,30200000
Ukraine,UKR,1997,35900000
Ukraine,UKR,1998,33600000
Ukraine,UKR,1999,28100000
Ukraine,UKR,2000,26900000
Ukraine,UKR,2001,28500000
Ukraine,UKR,2002,29700000
Ukraine,UKR,2003,29200000
Ukraine,UKR,2004,31200000
Ukraine,UKR,2005,30600000
Ukraine,UKR,2006,30200000
Ukraine,UKR,2007,40000000
Ukraine,UKR,2008,39900000
Ukraine,UKR,2009,33400000
Ukraine,UKR,2010,33900000
Ukraine,UKR,2011,33700000
Ukraine,UKR,2012,31300000
Ukraine,UKR,2013,31400000
Ukraine,UKR,2014,27000000
Ukraine,UKR,2015,23200000
Ukraine,UKR,2016,24400000
United Arab Emirates,ARE,1990,11300000
United Arab Emirates,ARE,1991,11600000
United Arab Emirates,ARE,1992,11800000
United Arab Emirates,ARE,1993,12600000
United Arab Emirates,ARE,1994,12500000
United Arab Emirates,ARE,1995,13100000
United Arab Emirates,ARE,1996,13300000
United Arab Emirates,ARE,1997,13200000
United Arab Emirates,ARE,1998,13200000
United Arab Emirates,ARE,1999,13600000
United Arab Emirates,ARE,2000,14900000
United Arab Emirates,ARE,2001,16300000
United Arab Emirates,ARE,2002,18800000
United Arab Emirates,ARE,2003,20900000
United Arab Emirates,ARE,2004,21100000
United Arab Emirates,ARE,2005,22700000
United Arab Emirates,ARE,2006,23900000
United Arab Emirates,ARE,2007,24600000
United Arab Emirates,ARE,2008,26200000
United Arab Emirates,ARE,2009,28800000
United Arab Emirates,ARE,2010,30100000
United Arab Emirates,ARE,2011,30100000
United Arab Emirates,ARE,2012,30800000
United Arab Emirates,ARE,2013,34700000
United Arab Emirates,ARE,2014,35600000
United Arab Emirates,ARE,2015,30900000
United Arab Emirates,ARE,2016,34600000
United Kingdom,GBR,1990,115000000
United Kingdom,GBR,1991,114400000
United Kingdom,GBR,1992,115800000
United Kingdom,GBR,1993,117000000
United Kingdom,GBR,1994,117400000
United Kingdom,GBR,1995,116300000
United Kingdom,GBR,1996,120900000
United Kingdom,GBR,1997,122000000
United Kingdom,GBR,1998,121200000
United Kingdom,GBR,1999,124700000
United Kingdom,GBR,2000,122900000
United Kingdom,GBR,2001,121900000
United Kingdom,GBR,2002,123200000
United Kingdom,GBR,2003,124600000
United Kingdom,GBR,2004,126000000
United Kingdom,GBR,2005,127200000
United Kingdom,GBR,2006,128900000
United Kingdom,GBR,2007,129600000
United Kingdom,GBR,2008,122700000
United Kingdom,GBR,2009,118300000
United Kingdom,GBR,2010,116800000
United Kingdom,GBR,2011,115400000
United Kingdom,GBR,2012,114900000
United Kingdom,GBR,2013,114200000
United Kingdom,GBR,2014,115600000
United Kingdom,GBR,2015,117800000
United Kingdom,GBR,2016,120500000
United States,USA,1990,1427000000
United States,USA,1991,1399700000
United States,USA,1992,1430700000
United States,USA,1993,1454200000
United States,USA,1994,1506900000
United States,USA,1995,1537800000
United States,USA,1996,1577200000
United States,USA,1997,1602100000
United States,USA,1998,1640400000
United States,USA,1999,1686200000
United States,USA,2000,1717800000
United States,USA,2001,1720000000
United States,USA,2002,1741600000
United States,USA,2003,1766800000
United States,USA,2004,1788700000
United States,USA,2005,1807700000
United States,USA,2006,1806000000
United States,USA,2007,1806400000
United States,USA,2008,1708300000
United States,USA,2009,1622500000
United States,USA,2010,1679800000
United States,USA,2011,1633600000
United States,USA,2012,1597500000
United States,USA,2013,1646900000
United States,USA,2014,1639800000
United States,USA,2015,1700000000
United States,USA,2016,1711200000
Uruguay,URY,1990,1500000
Uruguay,URY,1991,1600000
Uruguay,URY,1992,1700000
Uruguay,URY,1993,2000000
Uruguay,URY,1994,2200000
Uruguay,URY,1995,2200000
Uruguay,URY,1996,2300000
Uruguay,URY,1997,2500000
Uruguay,URY,1998,2700000
Uruguay,URY,1999,2800000
Uruguay,URY,2000,2400000
Uruguay,URY,2001,2400000
Uruguay,URY,2002,2200000
Uruguay,URY,2003,2100000
Uruguay,URY,2004,2200000
Uruguay,URY,2005,2300000
Uruguay,URY,2006,2400000
Uruguay,URY,2007,2600000
Uruguay,URY,2008,2700000
Uruguay,URY,2009,2800000
Uruguay,URY,2010,3100000
Uruguay,URY,2011,3200000
Uruguay,URY,2012,3300000
Uruguay,URY,2013,3500000
Uruguay,URY,2014,3500000
Uruguay,URY,2015,3500000
Uruguay,URY,2016,3600000
Uzbekistan,UZB,1990,5700000
Uzbekistan,UZB,1991,8000000
Uzbekistan,UZB,1992,6700000
Uzbekistan,UZB,1993,6100000
Uzbekistan,UZB,1994,6000000
Uzbekistan,UZB,1995,7300000
Uzbekistan,UZB,1996,9400000
Uzbekistan,UZB,1997,9500000
Uzbekistan,UZB,1998,10200000
Uzbekistan,UZB,1999,10400000
Uzbekistan,UZB,2000,10300000
Uzbekistan,UZB,2001,10300000
Uzbekistan,UZB,2002,10300000
Uzbekistan,UZB,2003,10800000
Uzbekistan,UZB,2004,9500000
Uzbekistan,UZB,2005,8700000
Uzbekistan,UZB,2006,8700000
Uzbekistan,UZB,2007,8700000
Uzbekistan,UZB,2008,9000000
Uzbekistan,UZB,2009,8800000
Uzbekistan,UZB,2010,8000000
Uzbekistan,UZB,2011,8000000
Uzbekistan,UZB,2012,7900000
Uzbekistan,UZB,2013,6900000
Uzbekistan,UZB,2014,6700000
Uzbekistan,UZB,2015,5900000
Uzbekistan,UZB,2016,5700000
Venezuela,VEN,1990,28600000
Venezuela,VEN,1991,30300000
Venezuela,VEN,1992,29800000
Venezuela,VEN,1993,31900000
Venezuela,VEN,1994,32400000
Venezuela,VEN,1995,33500000
Venezuela,VEN,1996,34800000
Venezuela,VEN,1997,32500000
Venezuela,VEN,1998,33200000.000000004
Venezuela,VEN,1999,33200000.000000004
Venezuela,VEN,2000,34100000
Venezuela,VEN,2001,36700000
Venezuela,VEN,2002,35700000
Venezuela,VEN,2003,36300000
Venezuela,VEN,2004,38000000
Venezuela,VEN,2005,42200000
Venezuela,VEN,2006,39800000
Venezuela,VEN,2007,43000000
Venezuela,VEN,2008,44400000
Venezuela,VEN,2009,46600000
Venezuela,VEN,2010,48200000
Venezuela,VEN,2011,43100000
Venezuela,VEN,2012,52800000
Venezuela,VEN,2013,44200000
Venezuela,VEN,2014,50000000
Venezuela,VEN,2015,45400000
Venezuela,VEN,2016,40000000
Vietnam,VNM,1990,4200000
Vietnam,VNM,1991,3900000
Vietnam,VNM,1992,4400000
Vietnam,VNM,1993,6900000
Vietnam,VNM,1994,7600000
Vietnam,VNM,1995,7300000
Vietnam,VNM,1996,8000000
Vietnam,VNM,1997,8700000
Vietnam,VNM,1998,9200000
Vietnam,VNM,1999,9800000
Vietnam,VNM,2000,10600000
Vietnam,VNM,2001,11300000
Vietnam,VNM,2002,13800000
Vietnam,VNM,2003,15700000
Vietnam,VNM,2004,19100000
Vietnam,VNM,2005,19200000
Vietnam,VNM,2006,19200000
Vietnam,VNM,2007,22400000
Vietnam,VNM,2008,23800000
Vietnam,VNM,2009,28600000
Vietnam,VNM,2010,30500000
Vietnam,VNM,2011,30100000
Vietnam,VNM,2012,29600000
Vietnam,VNM,2013,28800000
Vietnam,VNM,2014,29400000
Vietnam,VNM,2015,32100000
Vietnam,VNM,2016,36900000
World,OWID_WRL,1990,4595400000
World,OWID_WRL,1991,4638700000
World,OWID_WRL,1992,4745900000
World,OWID_WRL,1993,4786900000
World,OWID_WRL,1994,4884300000
World,OWID_WRL,1995,5017100000
World,OWID_WRL,1996,5220200000
World,OWID_WRL,1997,5298900000
World,OWID_WRL,1998,5419100000
World,OWID_WRL,1999,5579000000
World,OWID_WRL,2000,5756800000
World,OWID_WRL,2001,5788200000
World,OWID_WRL,2002,5927400000
World,OWID_WRL,2003,6061400000
World,OWID_WRL,2004,6338300000
World,OWID_WRL,2005,6472700000
World,OWID_WRL,2006,6619200000
World,OWID_WRL,2007,6826900000
World,OWID_WRL,2008,6835300000
World,OWID_WRL,2009,6701900000
World,OWID_WRL,2010,6987000000
World,OWID_WRL,2011,7091400000
World,OWID_WRL,2012,7161300000
World,OWID_WRL,2013,7357000000
World,OWID_WRL,2014,7478800000
World,OWID_WRL,2015,7697700000
World,OWID_WRL,2016,7866000000
Yemen,YEM,1990,4000000
Yemen,YEM,1991,5100000
Yemen,YEM,1992,5400000
Yemen,YEM,1993,4400000
Yemen,YEM,1994,4400000
Yemen,YEM,1995,4000000
Yemen,YEM,1996,3800000
Yemen,YEM,1997,3800000
Yemen,YEM,1998,4099999.9999999995
Yemen,YEM,1999,4500000
Yemen,YEM,2000,4400000
Yemen,YEM,2001,4800000
Yemen,YEM,2002,4200000
Yemen,YEM,2003,5000000
Yemen,YEM,2004,5200000
Yemen,YEM,2005,5600000
Yemen,YEM,2006,5200000
Yemen,YEM,2007,4700000
Yemen,YEM,2008,5000000
Yemen,YEM,2009,8100000
Yemen,YEM,2010,7200000
Yemen,YEM,2011,6700000
Yemen,YEM,2012,5500000
Yemen,YEM,2013,8300000.000000001
Yemen,YEM,2014,8400000
Yemen,YEM,2015,3200000
Yemen,YEM,2016,2800000
Zambia,ZMB,1990,800000
Zambia,ZMB,1991,1000000
Zambia,ZMB,1992,900000
Zambia,ZMB,1993,700000
Zambia,ZMB,1994,800000
Zambia,ZMB,1995,800000
Zambia,ZMB,1996,600000
Zambia,ZMB,1997,700000
Zambia,ZMB,1998,700000
Zambia,ZMB,1999,700000
Zambia,ZMB,2000,700000
Zambia,ZMB,2001,800000
Zambia,ZMB,2002,800000
Zambia,ZMB,2003,900000
Zambia,ZMB,2004,900000
Zambia,ZMB,2005,1000000
Zambia,ZMB,2006,1000000
Zambia,ZMB,2007,500000
Zambia,ZMB,2008,500000
Zambia,ZMB,2009,600000
Zambia,ZMB,2010,700000
Zambia,ZMB,2011,700000
Zambia,ZMB,2012,900000
Zambia,ZMB,2013,1000000
Zambia,ZMB,2014,1100000
Zambia,ZMB,2015,1100000
Zambia,ZMB,2016,1200000
Zimbabwe,ZWE,1990,2100000
Zimbabwe,ZWE,1991,1600000
Zimbabwe,ZWE,1992,2200000
Zimbabwe,ZWE,1993,2000000
Zimbabwe,ZWE,1994,1700000
Zimbabwe,ZWE,1995,2200000
Zimbabwe,ZWE,1996,2100000
Zimbabwe,ZWE,1997,2100000
Zimbabwe,ZWE,1998,2100000
Zimbabwe,ZWE,1999,3100000
Zimbabwe,ZWE,2000,1900000
Zimbabwe,ZWE,2001,1800000
Zimbabwe,ZWE,2002,1700000
Zimbabwe,ZWE,2003,1400000
Zimbabwe,ZWE,2004,1200000
Zimbabwe,ZWE,2005,1300000
Zimbabwe,ZWE,2006,1300000
Zimbabwe,ZWE,2007,1200000
Zimbabwe,ZWE,2008,1000000
Zimbabwe,ZWE,2009,1100000
Zimbabwe,ZWE,2010,1300000
Zimbabwe,ZWE,2011,2300000
Zimbabwe,ZWE,2012,2600000
Zimbabwe,ZWE,2013,2900000
Zimbabwe,ZWE,2014,2600000
Zimbabwe,ZWE,2015,2500000
Zimbabwe,ZWE,2016,2100000